== tool-check ==
PASS: docker -> /usr/bin/docker
Docker version 29.7.2, build a7dcaa6
Client Version: v1.36.3
Kustomize Version: v5.8.1
kind v0.32.0 go1.26.3 linux/amd64
version.BuildInfo{Version:"v4.2.2", GitCommit:"b05881cf967a5a09e19866799d0edfd40675803a", GitTreeState:"clean", GoVersion:"go1.26.4", KubeClientVersion:"v1.36"}
Python 3.14.4
PASS: all required tools present
python3 -m unittest discover -s tests -v
test_correct_token_is_valid (test_app_auth.TokenValidationTests.test_correct_token_is_valid) ... ok
test_load_internal_token_missing_file_returns_none_not_raise (test_app_auth.TokenValidationTests.test_load_internal_token_missing_file_returns_none_not_raise) ... ok
test_missing_token_header_is_invalid (test_app_auth.TokenValidationTests.test_missing_token_header_is_invalid) ... ok
test_no_secret_loaded_rejects_every_request (test_app_auth.TokenValidationTests.test_no_secret_loaded_rejects_every_request) ... ok
test_wrong_token_is_invalid (test_app_auth.TokenValidationTests.test_wrong_token_is_invalid) ... ok
test_wrong_token_same_length_is_invalid (test_app_auth.TokenValidationTests.test_wrong_token_same_length_is_invalid) ... ok
test_visible_config_never_includes_internal_token_env_var (test_app_auth.VisibleConfigNonDisclosureTests.test_visible_config_never_includes_internal_token_env_var) ... ok
test_configmap_consumption_no_pods_records_clean_failure (test_cluster_check_failure_handling.ExecFailureHandlingTests.test_configmap_consumption_no_pods_records_clean_failure) ... ok
test_configmap_consumption_no_traceback_and_still_passes_on_success (test_cluster_check_failure_handling.ExecFailureHandlingTests.test_configmap_consumption_no_traceback_and_still_passes_on_success) ... ok
test_configmap_consumption_records_clean_failure_on_exec_error (test_cluster_check_failure_handling.ExecFailureHandlingTests.test_configmap_consumption_records_clean_failure_on_exec_error) ... ok
test_runtime_uid_gid_records_clean_failure_on_exec_error (test_cluster_check_failure_handling.ExecFailureHandlingTests.test_runtime_uid_gid_records_clean_failure_on_exec_error) ... ok
test_runtime_uid_gid_still_passes_on_success (test_cluster_check_failure_handling.ExecFailureHandlingTests.test_runtime_uid_gid_still_passes_on_success) ... ok
test_secret_volume_correct_passes (test_cluster_check_failure_handling.SecretVolumeMountFailureHandlingTests.test_secret_volume_correct_passes) ... ok
test_secret_volume_mismatch_records_failure (test_cluster_check_failure_handling.SecretVolumeMountFailureHandlingTests.test_secret_volume_mismatch_records_failure) ... ok
test_prefix_collision_short_circuits_before_topology_check (test_context_check.ContextCheckPrefixCollisionTests.test_prefix_collision_short_circuits_before_topology_check) ... FAIL: 1 context check(s) failed
ok
test_healthy_topology_passes (test_context_check.ContextCheckTopologyTests.test_healthy_topology_passes) ... ok
test_multiple_control_planes_fails (test_context_check.ContextCheckTopologyTests.test_multiple_control_planes_fails) ... FAIL: 2 context check(s) failed
ok
test_non_ready_node_fails (test_context_check.ContextCheckTopologyTests.test_non_ready_node_fails) ... FAIL: 1 context check(s) failed
ok
test_only_one_node_fails (test_context_check.ContextCheckTopologyTests.test_only_one_node_fails) ... FAIL: 2 context check(s) failed
ok
test_wrong_kubernetes_version_fails (test_context_check.ContextCheckTopologyTests.test_wrong_kubernetes_version_fails) ... FAIL: 1 context check(s) failed
ok
test_wrong_worker_count_fails (test_context_check.ContextCheckTopologyTests.test_wrong_worker_count_fails) ... FAIL: 2 context check(s) failed
ok
test_case_a_endpointslice_empty_but_pods_still_exist_not_drained (test_dependency_check.AppEndpointsDrainedTests.test_case_a_endpointslice_empty_but_pods_still_exist_not_drained) ... ok
test_case_b_endpointslice_ready_and_pods_exist_not_drained (test_dependency_check.AppEndpointsDrainedTests.test_case_b_endpointslice_ready_and_pods_exist_not_drained) ... ok
test_case_c_endpointslice_empty_and_no_pods_is_drained (test_dependency_check.AppEndpointsDrainedTests.test_case_c_endpointslice_empty_and_no_pods_is_drained) ... ok
test_case_d_endpointslice_query_failure_propagates_not_false_pass (test_dependency_check.AppEndpointsDrainedTests.test_case_d_endpointslice_query_failure_propagates_not_false_pass) ... ok
test_missing_container_statuses_defaults_to_zero (test_dependency_check.RestartCountTests.test_missing_container_statuses_defaults_to_zero) ... ok
test_sums_restart_counts_across_containers (test_dependency_check.RestartCountTests.test_sums_restart_counts_across_containers) ... ok
test_restoration_failure_is_reported_prominently_and_fails_the_run (test_dependency_check.RestorationGuaranteeTests.test_restoration_failure_is_reported_prominently_and_fails_the_run) ... !!! RESTORATION FAILURE - maops-app may not be back at 3/3 Ready - independent action required !!!
RESTORATION FAILURE: could not scale maops-app back to 2 replicas: simulated failure
FAIL: 1 dependency-failure check(s) failed
ok
test_restoration_invoked_when_experiment_raises (test_dependency_check.RestorationGuaranteeTests.test_restoration_invoked_when_experiment_raises) ... FAIL: 1 dependency-failure check(s) failed
ok
test_restoration_not_attempted_when_scale_down_itself_never_happened (test_dependency_check.RestorationGuaranteeTests.test_restoration_not_attempted_when_scale_down_itself_never_happened) ... FAIL: 1 dependency-failure check(s) failed
ok
test_restoration_success_and_experiment_success_together_pass (test_dependency_check.RestorationGuaranteeTests.test_restoration_success_and_experiment_success_together_pass) ... ok
test_app_convergence_timeout_returns_false (test_dependency_check.RestoreAppDirectTests.test_app_convergence_timeout_returns_false) ... ok
test_failure_return_is_not_overwritten_by_a_later_success_record (test_dependency_check.RestoreAppDirectTests.test_failure_return_is_not_overwritten_by_a_later_success_record) ... ok
test_full_success_path_returns_true (test_dependency_check.RestoreAppDirectTests.test_full_success_path_returns_true) ... ok
test_gateway_convergence_timeout_after_app_recovers_returns_false (test_dependency_check.RestoreAppDirectTests.test_gateway_convergence_timeout_after_app_recovers_returns_false) ... ok
test_post_recovery_http_check_failure_returns_false (test_dependency_check.RestoreAppDirectTests.test_post_recovery_http_check_failure_returns_false) ... ok
test_scale_command_called_process_error_returns_false (test_dependency_check.RestoreAppDirectTests.test_scale_command_called_process_error_returns_false) ... ok
test_scale_command_timeout_expired_returns_false (test_dependency_check.RestoreAppDirectTests.test_scale_command_timeout_expired_returns_false) ... ok
test_verify_context_failure_short_circuits_before_any_scaling (test_dependency_check.WrongContextFailsClosedTests.test_verify_context_failure_short_circuits_before_any_scaling) ... FAIL: wrong cluster
ok
test_endpoint_with_multiple_addresses_counts_each (test_endpointslice.CountReadyEndpointsTests.test_endpoint_with_multiple_addresses_counts_each) ... ok
test_missing_addresses_key_counts_as_zero (test_endpointslice.CountReadyEndpointsTests.test_missing_addresses_key_counts_as_zero) ... ok
test_missing_ready_condition_treated_as_not_ready (test_endpointslice.CountReadyEndpointsTests.test_missing_ready_condition_treated_as_not_ready) ... ok
test_no_endpoints_is_zero (test_endpointslice.CountReadyEndpointsTests.test_no_endpoints_is_zero) ... ok
test_not_ready_endpoint_excluded (test_endpointslice.CountReadyEndpointsTests.test_not_ready_endpoint_excluded) ... ok
test_real_shaped_two_ready_endpointslice_matches_expected_count (test_endpointslice.CountReadyEndpointsTests.test_real_shaped_two_ready_endpointslice_matches_expected_count) ... ok
test_sums_across_multiple_slices (test_endpointslice.CountReadyEndpointsTests.test_sums_across_multiple_slices) ... ok
test_two_ready_single_address_endpoints (test_endpointslice.CountReadyEndpointsTests.test_two_ready_single_address_endpoints) ... ok
test_duplicate_ready_address_across_overlapping_slices_counted_once (test_endpointslice.DefensivenessAndDedupTests.test_duplicate_ready_address_across_overlapping_slices_counted_once) ... ok
test_duplicate_ready_address_within_same_slice_counted_once (test_endpointslice.DefensivenessAndDedupTests.test_duplicate_ready_address_within_same_slice_counted_once) ... ok
test_endpoints_key_explicitly_none_is_zero (test_endpointslice.DefensivenessAndDedupTests.test_endpoints_key_explicitly_none_is_zero) ... ok
test_malformed_non_dict_endpoint_entries_are_skipped_not_raised (test_endpointslice.DefensivenessAndDedupTests.test_malformed_non_dict_endpoint_entries_are_skipped_not_raised) ... ok
test_malformed_non_dict_slice_entries_are_skipped_not_raised (test_endpointslice.DefensivenessAndDedupTests.test_malformed_non_dict_slice_entries_are_skipped_not_raised) ... ok
test_day1_port_forward_is_ignored (test_final_state_check.LeakedPortForwardScopeTests.test_day1_port_forward_is_ignored) ... ok
test_day3_port_forward_is_detected (test_final_state_check.LeakedPortForwardScopeTests.test_day3_port_forward_is_detected) ... ok
test_no_port_forward_at_all_passes (test_final_state_check.LeakedPortForwardScopeTests.test_no_port_forward_at_all_passes) ... ok
test_unrelated_project_port_forward_is_ignored (test_final_state_check.LeakedPortForwardScopeTests.test_unrelated_project_port_forward_is_ignored) ... ok
test_both_clusters_present_passes (test_final_state_check.OtherDayClustersStillExistTests.test_both_clusters_present_passes) ... ok
test_missing_cluster_fails (test_final_state_check.OtherDayClustersStillExistTests.test_missing_cluster_fails) ... ok
test_current_healthy_drift_fails (test_final_state_check.PdbFinalStateDriftTests.test_current_healthy_drift_fails) ... ok
test_desired_healthy_drift_fails (test_final_state_check.PdbFinalStateDriftTests.test_desired_healthy_drift_fails) ... ok
test_disruptions_allowed_drift_fails (test_final_state_check.PdbFinalStateDriftTests.test_disruptions_allowed_drift_fails) ... ok
test_healthy_final_state_passes (test_final_state_check.PdbFinalStateDriftTests.test_healthy_final_state_passes) ... ok
test_missing_secret_is_recorded_false (test_final_state_check.SecretFinalStateErrorHandlingTests.test_missing_secret_is_recorded_false) ... ok
test_runtime_error_is_recorded_not_raised (test_final_state_check.SecretFinalStateErrorHandlingTests.test_runtime_error_is_recorded_not_raised) ... ok
test_valid_secret_is_recorded_true (test_final_state_check.SecretFinalStateErrorHandlingTests.test_valid_secret_is_recorded_true) ... ok
test_deployment_and_pods_agree_but_endpointslice_lags_never_settles (test_final_state_check.SettledSnapshotTests.test_deployment_and_pods_agree_but_endpointslice_lags_never_settles) ... ok
test_deployment_ready_but_fewer_actual_pods_never_settles (test_final_state_check.SettledSnapshotTests.test_deployment_ready_but_fewer_actual_pods_never_settles) ... ok
test_fully_agreeing_3_3_3_state_returns_a_real_snapshot (test_final_state_check.SettledSnapshotTests.test_fully_agreeing_3_3_3_state_returns_a_real_snapshot) ... ok
test_lingering_extra_pod_never_settles (test_final_state_check.SettledSnapshotTests.test_lingering_extra_pod_never_settles) ... ok
test_backend_503_does_not_echo_the_unsafe_target_when_invalid (test_gateway_backend_target.BackendHandlerFailClosedTests.test_backend_503_does_not_echo_the_unsafe_target_when_invalid) ... ok
test_backend_request_is_invoked_when_target_valid (test_gateway_backend_target.BackendHandlerFailClosedTests.test_backend_request_is_invoked_when_target_valid) ... ok
test_backend_request_not_invoked_when_target_invalid (test_gateway_backend_target.BackendHandlerFailClosedTests.test_backend_request_not_invoked_when_target_invalid) ... ok
test_internal_token_never_sent_when_target_invalid (test_gateway_backend_target.BackendHandlerFailClosedTests.test_internal_token_never_sent_when_target_invalid) ... ok
test_livez_remains_200_regardless_of_backend_target_validity (test_gateway_backend_target.BackendHandlerFailClosedTests.test_livez_remains_200_regardless_of_backend_target_validity) ... ok
test_readyz_becomes_503_when_target_invalid_but_process_is_ready (test_gateway_backend_target.BackendHandlerFailClosedTests.test_readyz_becomes_503_when_target_invalid_but_process_is_ready) ... ok
test_maops_app_8080_is_allowed (test_gateway_backend_target.BackendTargetAllowlistTests.test_maops_app_8080_is_allowed) ... ok
test_pod_like_identity_is_blocked (test_gateway_backend_target.BackendTargetAllowlistTests.test_pod_like_identity_is_blocked) ... ok
test_raw_ip_is_blocked (test_gateway_backend_target.BackendTargetAllowlistTests.test_raw_ip_is_blocked) ... ok
test_wrong_host_is_blocked (test_gateway_backend_target.BackendTargetAllowlistTests.test_wrong_host_is_blocked) ... ok
test_wrong_port_is_blocked (test_gateway_backend_target.BackendTargetAllowlistTests.test_wrong_port_is_blocked) ... ok
test_app_role_checks_four_endpoints_no_backend (test_http_checks.CheckAllEndpointsTests.test_app_role_checks_four_endpoints_no_backend) ... ok
test_gateway_role_checks_five_endpoints_including_backend (test_http_checks.CheckAllEndpointsTests.test_gateway_role_checks_five_endpoints_including_backend) ... ok
test_app_config_correct_body_passes (test_http_checks.CheckEndpointSemanticsTests.test_app_config_correct_body_passes) ... ok
test_app_config_wrong_app_name_fails (test_http_checks.CheckEndpointSemanticsTests.test_app_config_wrong_app_name_fails) ... ok
test_backend_correct_body_passes (test_http_checks.CheckEndpointSemanticsTests.test_backend_correct_body_passes) ... ok
test_backend_missing_field_fails (test_http_checks.CheckEndpointSemanticsTests.test_backend_missing_field_fails) ... ok
test_backend_wrong_backend_service_fails (test_http_checks.CheckEndpointSemanticsTests.test_backend_wrong_backend_service_fails) ... ok
test_gateway_config_correct_body_passes (test_http_checks.CheckEndpointSemanticsTests.test_gateway_config_correct_body_passes) ... ok
test_gateway_config_missing_expected_key_fails (test_http_checks.CheckEndpointSemanticsTests.test_gateway_config_missing_expected_key_fails) ... ok
test_gateway_config_wrong_backend_host_fails (test_http_checks.CheckEndpointSemanticsTests.test_gateway_config_wrong_backend_host_fails) ... ok
test_invalid_json_body_still_fails (test_http_checks.CheckEndpointSemanticsTests.test_invalid_json_body_still_fails) ... ok
test_livez_correct_body_passes (test_http_checks.CheckEndpointSemanticsTests.test_livez_correct_body_passes) ... ok
test_livez_wrong_but_valid_json_body_fails (test_http_checks.CheckEndpointSemanticsTests.test_livez_wrong_but_valid_json_body_fails) ... ok
test_non_200_status_fails_before_semantics_are_checked (test_http_checks.CheckEndpointSemanticsTests.test_non_200_status_fails_before_semantics_are_checked) ... /usr/lib/python3.14/tempfile.py:484: ResourceWarning: Implicitly cleaning up <HTTPError 503: 'error'>
  _warnings.warn(self.warn_message, ResourceWarning)
ok
test_readyz_correct_body_passes (test_http_checks.CheckEndpointSemanticsTests.test_readyz_correct_body_passes) ... ok
test_readyz_wrong_but_valid_json_body_fails (test_http_checks.CheckEndpointSemanticsTests.test_readyz_wrong_but_valid_json_body_fails) ... ok
test_response_containing_token_field_fails_generically (test_http_checks.CheckEndpointSemanticsTests.test_response_containing_token_field_fails_generically) ... ok
test_root_correct_body_passes (test_http_checks.CheckEndpointSemanticsTests.test_root_correct_body_passes) ... ok
test_root_missing_documented_field_fails (test_http_checks.CheckEndpointSemanticsTests.test_root_missing_documented_field_fails) ... ok
test_wrong_route_shape_on_livez_fails (test_http_checks.CheckEndpointSemanticsTests.test_wrong_route_shape_on_livez_fails) ... ok
test_arbitrary_wrong_json_fails (test_http_checks.CheckSafeUnavailableBodyTests.test_arbitrary_wrong_json_fails) ... ok
test_body_containing_token_fails (test_http_checks.CheckSafeUnavailableBodyTests.test_body_containing_token_fails) ... ok
test_body_containing_traceback_like_content_fails (test_http_checks.CheckSafeUnavailableBodyTests.test_body_containing_traceback_like_content_fails) ... ok
test_correct_safe_body_passes (test_http_checks.CheckSafeUnavailableBodyTests.test_correct_safe_body_passes) ... ok
test_non_json_body_fails (test_http_checks.CheckSafeUnavailableBodyTests.test_non_json_body_fails) ... ok
test_raw_get_returns_status_and_body_on_http_error (test_http_checks.RawGetTests.test_raw_get_returns_status_and_body_on_http_error) ... /usr/lib/python3.14/tempfile.py:484: ResourceWarning: Implicitly cleaning up <HTTPError 403: 'error'>
  _warnings.warn(self.warn_message, ResourceWarning)
ok
test_raw_get_returns_status_and_body_on_success (test_http_checks.RawGetTests.test_raw_get_returns_status_and_body_on_success) ... ok
test_deeply_nested_sequence_item_with_map_value (test_k8s_yaml.LoaderTests.test_deeply_nested_sequence_item_with_map_value) ... ok
test_flow_style_bare_sequence_item_raises (test_k8s_yaml.LoaderTests.test_flow_style_bare_sequence_item_raises) ... ok
test_flow_style_mapping_value_raises (test_k8s_yaml.LoaderTests.test_flow_style_mapping_value_raises) ... ok
test_flow_style_sequence_value_raises (test_k8s_yaml.LoaderTests.test_flow_style_sequence_value_raises) ... ok
test_mis_indented_sibling_key_raises (test_k8s_yaml.LoaderTests.test_mis_indented_sibling_key_raises) ... ok
test_multi_document_stream (test_k8s_yaml.LoaderTests.test_multi_document_stream) ... ok
test_nested_mapping (test_k8s_yaml.LoaderTests.test_nested_mapping) ... ok
test_quoted_float_looking_value_stays_string (test_k8s_yaml.LoaderTests.test_quoted_float_looking_value_stays_string) ... ok
test_quoted_on_stays_string (test_k8s_yaml.LoaderTests.test_quoted_on_stays_string) ... ok
test_quoted_string_value (test_k8s_yaml.LoaderTests.test_quoted_string_value) ... ok
test_quoted_yes_stays_string (test_k8s_yaml.LoaderTests.test_quoted_yes_stays_string) ... ok
test_real_rendered_manifest_parses_into_nine_documents (test_k8s_yaml.LoaderTests.test_real_rendered_manifest_parses_into_nine_documents) ... ok
test_scalar_sequence (test_k8s_yaml.LoaderTests.test_scalar_sequence) ... ok
test_sequence_of_mappings_aligned_with_key (test_k8s_yaml.LoaderTests.test_sequence_of_mappings_aligned_with_key) ... ok
test_simple_mapping (test_k8s_yaml.LoaderTests.test_simple_mapping) ... ok
test_trailing_unparseable_content_raises (test_k8s_yaml.LoaderTests.test_trailing_unparseable_content_raises) ... ok
test_value_with_colon_is_not_split (test_k8s_yaml.LoaderTests.test_value_with_colon_is_not_split) ... ok
test_default_timeout_is_forwarded_to_subprocess_run (test_kube.RunTimeoutTests.test_default_timeout_is_forwarded_to_subprocess_run) ... ok
test_explicit_long_timeout_is_respected_not_clamped (test_kube.RunTimeoutTests.test_explicit_long_timeout_is_respected_not_clamped) ... ok
test_get_json_forwards_timeout (test_kube.RunTimeoutTests.test_get_json_forwards_timeout) ... ok
test_subprocess_timeout_expired_propagates_as_normal_exception (test_kube.RunTimeoutTests.test_subprocess_timeout_expired_propagates_as_normal_exception) ... ok
test_cluster_unreachable_after_context_found_raises (test_kube.VerifyContextTests.test_cluster_unreachable_after_context_found_raises) ... ok
test_context_missing_from_kubeconfig_raises (test_kube.VerifyContextTests.test_context_missing_from_kubeconfig_raises) ... ok
test_get_contexts_failure_raises (test_kube.VerifyContextTests.test_get_contexts_failure_raises) ... ok
test_matching_context_and_nodes_passes (test_kube.VerifyContextTests.test_matching_context_and_nodes_passes) ... ok
test_no_nodes_at_all_raises (test_kube.VerifyContextTests.test_no_nodes_at_all_raises) ... ok
test_node_names_not_matching_cluster_raises (test_kube.VerifyContextTests.test_node_names_not_matching_cluster_raises) ... ok
test_prefix_collision_node_name_raises (test_kube.VerifyContextTests.test_prefix_collision_node_name_raises) ... ok
test_backward_wall_clock_jump_does_not_affect_bounded_wait (test_kube.WaitUntilMonotonicClockTests.test_backward_wall_clock_jump_does_not_affect_bounded_wait) ... ok
test_wall_clock_time_is_never_consulted (test_kube.WaitUntilMonotonicClockTests.test_wall_clock_time_is_never_consulted) ... ok
test_empty_list_is_a_successful_sentinel (test_kube.WaitUntilSentinelTests.test_empty_list_is_a_successful_sentinel) ... ok
test_empty_string_is_a_successful_sentinel (test_kube.WaitUntilSentinelTests.test_empty_string_is_a_successful_sentinel) ... ok
test_exception_is_retried_and_surfaced_on_timeout (test_kube.WaitUntilSentinelTests.test_exception_is_retried_and_surfaced_on_timeout) ... ok
test_none_is_retried_until_timeout (test_kube.WaitUntilSentinelTests.test_none_is_retried_until_timeout) ... ok
test_predicate_eventually_returning_non_none_succeeds (test_kube.WaitUntilSentinelTests.test_predicate_eventually_returning_non_none_succeeds) ... ok
test_truthy_value_is_returned (test_kube.WaitUntilSentinelTests.test_truthy_value_is_returned) ... ok
test_zero_is_a_successful_sentinel (test_kube.WaitUntilSentinelTests.test_zero_is_a_successful_sentinel) ... ok
test_bare_too_many_requests_structured_status_without_disruption_budget_evidence_is_inconclusive (test_pdb_check.EvictionClassificationTests.test_bare_too_many_requests_structured_status_without_disruption_budget_evidence_is_inconclusive) ... ok
test_bare_too_many_requests_without_disruption_budget_evidence_is_inconclusive (test_pdb_check.EvictionClassificationTests.test_bare_too_many_requests_without_disruption_budget_evidence_is_inconclusive) ... ok
test_failure_for_unrelated_reason_is_inconclusive_not_pdb_rejection (test_pdb_check.EvictionClassificationTests.test_failure_for_unrelated_reason_is_inconclusive_not_pdb_rejection) ... ok
test_malformed_non_json_failure_is_inconclusive (test_pdb_check.EvictionClassificationTests.test_malformed_non_json_failure_is_inconclusive) ... ok
test_rejected_with_structured_json_status_and_disruption_budget_cause (test_pdb_check.EvictionClassificationTests.test_rejected_with_structured_json_status_and_disruption_budget_cause) ... ok
test_rejected_with_too_many_requests_and_disruption_budget_message (test_pdb_check.EvictionClassificationTests.test_rejected_with_too_many_requests_and_disruption_budget_message) ... ok
test_success_with_unparseable_body_is_inconclusive (test_pdb_check.EvictionClassificationTests.test_success_with_unparseable_body_is_inconclusive) ... ok
test_unexpected_success_status_success (test_pdb_check.EvictionClassificationTests.test_unexpected_success_status_success) ... ok
test_eviction_timeout_is_inconclusive_not_pdb_rejection (test_pdb_check.EvictionSubprocessTimeoutTests.test_eviction_timeout_is_inconclusive_not_pdb_rejection) ... ok
test_get_pdb_status_missing_status_key_returns_empty_dict (test_pdb_check.PdbStatusParsingTests.test_get_pdb_status_missing_status_key_returns_empty_dict) ... ok
test_get_pdb_status_returns_status_dict (test_pdb_check.PdbStatusParsingTests.test_get_pdb_status_returns_status_dict) ... ok
test_pdb_matches_correct_status_returns_status (test_pdb_check.PdbStatusParsingTests.test_pdb_matches_correct_status_returns_status) ... ok
test_pdb_matches_empty_status_returns_none (test_pdb_check.PdbStatusParsingTests.test_pdb_matches_empty_status_returns_none) ... ok
test_pdb_matches_malformed_string_values_returns_none (test_pdb_check.PdbStatusParsingTests.test_pdb_matches_malformed_string_values_returns_none) ... ok
test_pdb_matches_wrong_current_healthy_returns_none (test_pdb_check.PdbStatusParsingTests.test_pdb_matches_wrong_current_healthy_returns_none) ... ok
test_pdb_matches_wrong_desired_healthy_returns_none (test_pdb_check.PdbStatusParsingTests.test_pdb_matches_wrong_desired_healthy_returns_none) ... ok
test_pdb_matches_wrong_disruptions_allowed_returns_none (test_pdb_check.PdbStatusParsingTests.test_pdb_matches_wrong_disruptions_allowed_returns_none) ... ok
test_deletion_timestamp_present_is_evicted (test_pdb_check.PodNotEvictedTests.test_deletion_timestamp_present_is_evicted) ... ok
test_missing_pod_is_evicted (test_pdb_check.PodNotEvictedTests.test_missing_pod_is_evicted) ... ok
test_replaced_pod_with_same_name_different_uid_is_evicted (test_pdb_check.PodNotEvictedTests.test_replaced_pod_with_same_name_different_uid_is_evicted) ... ok
test_same_name_and_uid_no_deletion_timestamp_is_not_evicted (test_pdb_check.PodNotEvictedTests.test_same_name_and_uid_no_deletion_timestamp_is_not_evicted) ... ok
test_restoration_failure_reported_prominently (test_pdb_check.RestorationGuaranteeTests.test_restoration_failure_reported_prominently) ... ok
test_restoration_invoked_when_experiment_raises_after_scale_down (test_pdb_check.RestorationGuaranteeTests.test_restoration_invoked_when_experiment_raises_after_scale_down) ... ok
test_restoration_not_attempted_when_baseline_never_reached (test_pdb_check.RestorationGuaranteeTests.test_restoration_not_attempted_when_baseline_never_reached) ... ok
test_restoration_not_attempted_when_scale_down_command_fails (test_pdb_check.RestorationGuaranteeTests.test_restoration_not_attempted_when_scale_down_command_fails) ... ok
test_unexpected_eviction_success_is_a_failure (test_pdb_check.RestorationGuaranteeTests.test_unexpected_eviction_success_is_a_failure) ... ok
test_deployment_convergence_timeout_returns_false (test_pdb_check.RestoreWorkloadDirectTests.test_deployment_convergence_timeout_returns_false) ... ok
test_failure_return_is_not_overwritten_by_a_later_success_record (test_pdb_check.RestoreWorkloadDirectTests.test_failure_return_is_not_overwritten_by_a_later_success_record) ... ok
test_full_success_path_returns_true_and_records_only_successes (test_pdb_check.RestoreWorkloadDirectTests.test_full_success_path_returns_true_and_records_only_successes) ... ok
test_pdb_state_convergence_timeout_returns_false (test_pdb_check.RestoreWorkloadDirectTests.test_pdb_state_convergence_timeout_returns_false) ... ok
test_scale_command_called_process_error_returns_false_and_records_failure (test_pdb_check.RestoreWorkloadDirectTests.test_scale_command_called_process_error_returns_false_and_records_failure) ... ok
test_scale_command_timeout_expired_returns_false_and_records_failure (test_pdb_check.RestoreWorkloadDirectTests.test_scale_command_timeout_expired_returns_false_and_records_failure) ... ok
test_same_name_different_uid_fails_freshness (test_pdb_check.VictimFreshnessTests.test_same_name_different_uid_fails_freshness) ... ok
test_stale_victim_short_circuits_run_pdb_experiment_without_attempting_eviction (test_pdb_check.VictimFreshnessTests.test_stale_victim_short_circuits_run_pdb_experiment_without_attempting_eviction) ... ok
test_victim_became_not_ready_fails_freshness (test_pdb_check.VictimFreshnessTests.test_victim_became_not_ready_fails_freshness) ... ok
test_victim_began_terminating_fails_freshness (test_pdb_check.VictimFreshnessTests.test_victim_began_terminating_fails_freshness) ... ok
test_victim_gone_entirely_fails_freshness (test_pdb_check.VictimFreshnessTests.test_victim_gone_entirely_fails_freshness) ... ok
test_victim_remains_healthy_is_refreshed_successfully (test_pdb_check.VictimFreshnessTests.test_victim_remains_healthy_is_refreshed_successfully) ... ok
test_no_healthy_pods_available_fails_without_attempting_eviction (test_pdb_check.VictimSelectionTests.test_no_healthy_pods_available_fails_without_attempting_eviction) ... ok
test_not_ready_pod_is_never_selected_as_victim (test_pdb_check.VictimSelectionTests.test_not_ready_pod_is_never_selected_as_victim) ... ok
test_terminating_pod_is_never_selected_as_victim (test_pdb_check.VictimSelectionTests.test_terminating_pod_is_never_selected_as_victim) ... ok
test_verify_context_failure_short_circuits_before_any_scaling (test_pdb_check.WrongContextFailsClosedTests.test_verify_context_failure_short_circuits_before_any_scaling) ... FAIL: wrong cluster
ok
test_context_manager_does_not_raise_from_a_background_thread (test_portforward_signal.BackgroundThreadSafetyTests.test_context_manager_does_not_raise_from_a_background_thread) ... ok
test_main_thread_sigterm_handling_is_unaffected_by_the_thread_guard (test_portforward_signal.BackgroundThreadSafetyTests.test_main_thread_sigterm_handling_is_unaffected_by_the_thread_guard) ... ok
test_cleanup_runs_via_try_finally_on_sigterm (test_portforward_signal.SigtermConversionTests.test_cleanup_runs_via_try_finally_on_sigterm) ... ok
test_does_not_leak_a_global_handler_outside_the_context (test_portforward_signal.SigtermConversionTests.test_does_not_leak_a_global_handler_outside_the_context) ... ok
test_exception_cleanup_still_works_without_any_signal (test_portforward_signal.SigtermConversionTests.test_exception_cleanup_still_works_without_any_signal) ... ok
test_normal_success_path_unaffected (test_portforward_signal.SigtermConversionTests.test_normal_success_path_unaffected) ... ok
test_sigint_disposition_is_never_touched (test_portforward_signal.SigtermConversionTests.test_sigint_disposition_is_never_touched) ... ok
test_sigterm_disposition_restored_after_scope_exits (test_portforward_signal.SigtermConversionTests.test_sigterm_disposition_restored_after_scope_exits) ... ok
test_sigterm_disposition_restored_even_when_body_raises (test_portforward_signal.SigtermConversionTests.test_sigterm_disposition_restored_even_when_body_raises) ... ok
test_sigterm_raises_signal_interrupt_within_scope (test_portforward_signal.SigtermConversionTests.test_sigterm_raises_signal_interrupt_within_scope) ... ok
test_delete_failure_is_recorded_cleanly_not_raised (test_reconcile_check_failure_handling.DeletePodFailureHandlingTests.test_delete_failure_is_recorded_cleanly_not_raised) ... FAIL: 1 reconciliation check(s) failed
ok
test_victim_is_the_pod_that_sorts_first_by_name (test_reconcile_check_failure_handling.DeterministicVictimSelectionTests.test_victim_is_the_pod_that_sorts_first_by_name) ... FAIL: 1 reconciliation check(s) failed
ok
test_victim_selection_stable_regardless_of_input_order (test_reconcile_check_failure_handling.DeterministicVictimSelectionTests.test_victim_selection_stable_regardless_of_input_order) ... FAIL: 1 reconciliation check(s) failed
FAIL: 2 reconciliation check(s) failed
ok
test_verify_context_failure_short_circuits_before_any_mutation (test_reconcile_check_failure_handling.WrongContextFailsClosedTests.test_verify_context_failure_short_circuits_before_any_mutation) ... FAIL: wrong cluster
ok
test_marker_is_not_secret_looking_and_namespaced (test_rollout_check.AnnotationMarkerTests.test_marker_is_not_secret_looking_and_namespaced) ... ok
test_sampler_starts_before_rollout_status_and_stops_before_post_rollout_checks (test_rollout_check.InFlightSamplingOrderTests.test_sampler_starts_before_rollout_status_and_stops_before_post_rollout_checks) ... ok
test_diverged_sample_is_confirmed_once_current_uids_differ_from_baseline (test_rollout_check.InFlightServiceSamplerTests.test_diverged_sample_is_confirmed_once_current_uids_differ_from_baseline) ... ok
test_failed_sample_never_counts_toward_divergence_confirmation (test_rollout_check.InFlightServiceSamplerTests.test_failed_sample_never_counts_toward_divergence_confirmation) ... ok
test_no_divergence_observed_when_uids_never_change (test_rollout_check.InFlightServiceSamplerTests.test_no_divergence_observed_when_uids_never_change) ... ok
test_stop_always_joins_the_background_thread (test_rollout_check.InFlightServiceSamplerTests.test_stop_always_joins_the_background_thread) ... ok
test_exact_count_and_fully_disjoint_is_a_real_replacement (test_rollout_check.PodsWereReplacedTests.test_exact_count_and_fully_disjoint_is_a_real_replacement) ... ok
test_identical_sets_are_not_a_replacement (test_rollout_check.PodsWereReplacedTests.test_identical_sets_are_not_a_replacement) ... ok
test_partial_overlap_is_not_a_replacement (test_rollout_check.PodsWereReplacedTests.test_partial_overlap_is_not_a_replacement) ... ok
test_too_few_pods_is_not_a_replacement (test_rollout_check.PodsWereReplacedTests.test_too_few_pods_is_not_a_replacement) ... ok
test_too_many_pods_is_not_a_replacement (test_rollout_check.PodsWereReplacedTests.test_too_many_pods_is_not_a_replacement) ... ok
test_rollback_failure_reported_prominently (test_rollout_check.RestorationGuaranteeTests.test_rollback_failure_reported_prominently) ... ok
test_rollback_invoked_when_rollout_observation_raises (test_rollout_check.RestorationGuaranteeTests.test_rollback_invoked_when_rollout_observation_raises) ... ok
test_rollback_not_attempted_when_baseline_never_reached (test_rollout_check.RestorationGuaranteeTests.test_rollback_not_attempted_when_baseline_never_reached) ... ok
test_rollback_not_attempted_when_patch_itself_fails (test_rollout_check.RestorationGuaranteeTests.test_rollback_not_attempted_when_patch_itself_fails) ... ok
test_deployment_convergence_timeout_returns_false (test_rollout_check.RollbackWorkloadDirectTests.test_deployment_convergence_timeout_returns_false) ... ok
test_endpointslice_convergence_timeout_returns_false (test_rollout_check.RollbackWorkloadDirectTests.test_endpointslice_convergence_timeout_returns_false) ... ok
test_full_success_path_returns_true (test_rollout_check.RollbackWorkloadDirectTests.test_full_success_path_returns_true) ... ok
test_pod_count_convergence_timeout_returns_false (test_rollout_check.RollbackWorkloadDirectTests.test_pod_count_convergence_timeout_returns_false) ... ok
test_rollback_annotation_still_present_fails_overall_despite_later_success (test_rollout_check.RollbackWorkloadDirectTests.test_rollback_annotation_still_present_fails_overall_despite_later_success) ... ok
test_rollback_image_mismatch_fails_overall_despite_later_success (test_rollout_check.RollbackWorkloadDirectTests.test_rollback_image_mismatch_fails_overall_despite_later_success) ... ok
test_rollback_pod_replacement_proof_fails_despite_later_success (test_rollout_check.RollbackWorkloadDirectTests.test_rollback_pod_replacement_proof_fails_despite_later_success) ... ok
test_rollout_undo_called_process_error_returns_false (test_rollout_check.RollbackWorkloadDirectTests.test_rollout_undo_called_process_error_returns_false) ... ok
test_rollout_undo_timeout_expired_returns_false (test_rollout_check.RollbackWorkloadDirectTests.test_rollout_undo_timeout_expired_returns_false) ... ok
test_verify_context_failure_short_circuits_before_any_patch (test_rollout_check.WrongContextFailsClosedTests.test_verify_context_failure_short_circuits_before_any_patch) ... FAIL: wrong cluster
ok
test_restoration_failure_is_reported_prominently (test_scaling_check.RestorationGuaranteeTests.test_restoration_failure_is_reported_prominently) ... ok
test_restoration_invoked_after_successful_scale_up_even_if_functional_check_raises (test_scaling_check.RestorationGuaranteeTests.test_restoration_invoked_after_successful_scale_up_even_if_functional_check_raises) ... ok
test_restoration_not_attempted_when_baseline_itself_never_reached (test_scaling_check.RestorationGuaranteeTests.test_restoration_not_attempted_when_baseline_itself_never_reached) ... ok
test_restoration_not_attempted_when_scale_up_command_itself_fails (test_scaling_check.RestorationGuaranteeTests.test_restoration_not_attempted_when_scale_up_command_itself_fails) ... ok
test_deployment_convergence_timeout_returns_false (test_scaling_check.RestoreWorkloadDirectTests.test_deployment_convergence_timeout_returns_false) ... ok
test_endpointslice_convergence_timeout_returns_false (test_scaling_check.RestoreWorkloadDirectTests.test_endpointslice_convergence_timeout_returns_false) ... ok
test_failure_return_is_not_overwritten_by_a_later_success_record (test_scaling_check.RestoreWorkloadDirectTests.test_failure_return_is_not_overwritten_by_a_later_success_record) ... ok
test_full_success_path_returns_true (test_scaling_check.RestoreWorkloadDirectTests.test_full_success_path_returns_true) ... ok
test_pods_ready_timeout_returns_false (test_scaling_check.RestoreWorkloadDirectTests.test_pods_ready_timeout_returns_false) ... ok
test_scale_command_called_process_error_returns_false (test_scaling_check.RestoreWorkloadDirectTests.test_scale_command_called_process_error_returns_false) ... ok
test_scale_command_timeout_expired_returns_false (test_scaling_check.RestoreWorkloadDirectTests.test_scale_command_timeout_expired_returns_false) ... ok
test_verify_context_failure_short_circuits_before_any_scaling (test_scaling_check.WrongContextFailsClosedTests.test_verify_context_failure_short_circuits_before_any_scaling) ... FAIL: wrong cluster
ok
test_identifies_control_plane_and_workers_dynamically (test_scheduling_check.NodeTopologyTests.test_identifies_control_plane_and_workers_dynamically) ... ok
test_not_ready_node_fails (test_scheduling_check.NodeTopologyTests.test_not_ready_node_fails) ... ok
test_wrong_node_count_fails (test_scheduling_check.NodeTopologyTests.test_wrong_node_count_fails) ... ok
test_all_on_one_worker_fails_skew (test_scheduling_check.WorkloadSchedulingTests.test_all_on_one_worker_fails_skew) ... ok
test_even_1_2_split_passes (test_scheduling_check.WorkloadSchedulingTests.test_even_1_2_split_passes) ... ok
test_even_2_1_split_passes (test_scheduling_check.WorkloadSchedulingTests.test_even_2_1_split_passes) ... ok
test_not_ready_pod_fails_ready_count (test_scheduling_check.WorkloadSchedulingTests.test_not_ready_pod_fails_ready_count) ... ok
test_pod_on_control_plane_fails (test_scheduling_check.WorkloadSchedulingTests.test_pod_on_control_plane_fails) ... ok
test_unused_worker_fails (test_scheduling_check.WorkloadSchedulingTests.test_unused_worker_fails) ... ok
test_existing_malformed_secret_fails_closed_without_rotating (test_secret_bootstrap.ExistingSecretPreservedTests.test_existing_malformed_secret_fails_closed_without_rotating) ... FAIL: existing Secret is malformed
ok
test_existing_valid_secret_is_preserved_not_rotated (test_secret_bootstrap.ExistingSecretPreservedTests.test_existing_valid_secret_is_preserved_not_rotated) ... ok
test_not_found_returns_none (test_secret_bootstrap.GetExistingSecretTests.test_not_found_returns_none) ... ok
test_other_kubectl_failure_raises (test_secret_bootstrap.GetExistingSecretTests.test_other_kubectl_failure_raises) ... ok
test_requests_json_output (test_secret_bootstrap.GetExistingSecretTests.test_requests_json_output) ... ok
test_missing_namespace_main_fails_closed_without_generating_token (test_secret_bootstrap.NamespaceClassificationTests.test_missing_namespace_main_fails_closed_without_generating_token) ... FAIL: namespace 'maops-platform' is not available: Error from server (NotFound): namespaces "maops-platform" not found
ok
test_missing_namespace_raises_before_checking_secret (test_secret_bootstrap.NamespaceClassificationTests.test_missing_namespace_raises_before_checking_secret) ... ok
test_namespace_exists_and_secret_missing_still_resolves_to_none (test_secret_bootstrap.NamespaceClassificationTests.test_namespace_exists_and_secret_missing_still_resolves_to_none) ... ok
test_create_secret_failure_reported_cleanly (test_secret_bootstrap.NewSecretCreationTests.test_create_secret_failure_reported_cleanly) ... FAIL: kubectl create secret failed/timed out: namespace not found
ok
test_missing_secret_generates_and_creates_then_verifies (test_secret_bootstrap.NewSecretCreationTests.test_missing_secret_generates_and_creates_then_verifies) ... ok
test_generate_token_is_non_trivial_and_url_safe (test_secret_bootstrap.NonDisclosureTests.test_generate_token_is_non_trivial_and_url_safe) ... ok
test_generated_token_value_never_printed_on_success (test_secret_bootstrap.NonDisclosureTests.test_generated_token_value_never_printed_on_success) ... ok
test_temp_file_removed_even_when_kubectl_create_fails (test_secret_bootstrap.TempFileCleanupTests.test_temp_file_removed_even_when_kubectl_create_fails) ... ok
test_temp_file_is_mode_0600_before_kubectl_uses_it (test_secret_bootstrap.TempFileModeTests.test_temp_file_is_mode_0600_before_kubectl_uses_it) ... ok
test_empty_value_fails (test_secret_bootstrap.ValidateSecretShapeTests.test_empty_value_fails) ... ok
test_malformed_base64_fails (test_secret_bootstrap.ValidateSecretShapeTests.test_malformed_base64_fails) ... ok
test_missing_key_fails (test_secret_bootstrap.ValidateSecretShapeTests.test_missing_key_fails) ... ok
test_valid_non_empty_token_passes (test_secret_bootstrap.ValidateSecretShapeTests.test_valid_non_empty_token_passes) ... ok
test_verify_context_failure_short_circuits_before_secret_lookup (test_secret_bootstrap.WrongContextFailsClosedTests.test_verify_context_failure_short_circuits_before_secret_lookup) ... FAIL: wrong cluster
ok
test_backend_host_changed_to_ip_fails (test_validate_manifests.BackendHostWiringTests.test_backend_host_changed_to_ip_fails) ... ok
test_backend_host_changed_to_pod_like_identity_fails (test_validate_manifests.BackendHostWiringTests.test_backend_host_changed_to_pod_like_identity_fails) ... ok
test_backend_port_wrong_fails (test_validate_manifests.BackendHostWiringTests.test_backend_port_wrong_fails) ... ok
test_baseline_passes_every_check (test_validate_manifests.BaselineTests.test_baseline_passes_every_check) ... ok
test_app_configmap_missing_fails (test_validate_manifests.ConfigMapExistenceTests.test_app_configmap_missing_fails) ... ok
test_gateway_configmap_missing_fails (test_validate_manifests.ConfigMapExistenceTests.test_gateway_configmap_missing_fails) ... ok
test_configmap_wiring_removed_fails (test_validate_manifests.ContainerShapeTests.test_configmap_wiring_removed_fails) ... ok
test_container_name_wrong_fails (test_validate_manifests.ContainerShapeTests.test_container_name_wrong_fails) ... ok
test_deployment_second_container_fails_single_container (test_validate_manifests.ContainerShapeTests.test_deployment_second_container_fails_single_container) ... ok
test_forbidden_rbac_kinds_each_fail (test_validate_manifests.ForbiddenRbacKindTests.test_forbidden_rbac_kinds_each_fail) ... ok
test_forbidden_ingress_present_fails (test_validate_manifests.ForbiddenResourceTests.test_forbidden_ingress_present_fails) ... ok
test_forbidden_networkpolicy_present_fails (test_validate_manifests.ForbiddenResourceTests.test_forbidden_networkpolicy_present_fails) ... ok
test_forbidden_pvc_present_fails (test_validate_manifests.ForbiddenResourceTests.test_forbidden_pvc_present_fails) ... ok
test_forbidden_serviceaccount_present_fails (test_validate_manifests.ForbiddenResourceTests.test_forbidden_serviceaccount_present_fails) ... ok
test_forbidden_statefulset_present_fails (test_validate_manifests.ForbiddenResourceTests.test_forbidden_statefulset_present_fails) ... ok
test_secret_object_committed_fails (test_validate_manifests.ForbiddenResourceTests.test_secret_object_committed_fails) ... ok
test_configmap_wiring_removed_fails_both_workloads (test_validate_manifests.MirrorCoverageTests.test_configmap_wiring_removed_fails_both_workloads) ... ok
test_deployment_image_wrong_fails_both_workloads (test_validate_manifests.MirrorCoverageTests.test_deployment_image_wrong_fails_both_workloads) ... ok
test_deployment_namespace_wrong_fails_both_workloads (test_validate_manifests.MirrorCoverageTests.test_deployment_namespace_wrong_fails_both_workloads) ... ok
test_image_pull_policy_wrong_fails_both_workloads (test_validate_manifests.MirrorCoverageTests.test_image_pull_policy_wrong_fails_both_workloads) ... ok
test_liveness_probe_path_wrong_fails_both_workloads (test_validate_manifests.MirrorCoverageTests.test_liveness_probe_path_wrong_fails_both_workloads) ... ok
test_resource_limits_wrong_fails_both_workloads (test_validate_manifests.MirrorCoverageTests.test_resource_limits_wrong_fails_both_workloads) ... ok
test_resource_requests_wrong_fails_both_workloads (test_validate_manifests.MirrorCoverageTests.test_resource_requests_wrong_fails_both_workloads) ... ok
test_secret_key_wrong_via_items_restriction_fails_both_workloads (test_validate_manifests.MirrorCoverageTests.test_secret_key_wrong_via_items_restriction_fails_both_workloads) ... ok
test_secret_mount_not_read_only_fails_both_workloads (test_validate_manifests.MirrorCoverageTests.test_secret_mount_not_read_only_fails_both_workloads) ... ok
test_secret_mount_path_wrong_fails_both_workloads (test_validate_manifests.MirrorCoverageTests.test_secret_mount_path_wrong_fails_both_workloads) ... ok
test_service_selector_mismatch_fails_both_workloads (test_validate_manifests.MirrorCoverageTests.test_service_selector_mismatch_fails_both_workloads) ... ok
test_service_type_and_nodeport_fails_both_workloads (test_validate_manifests.MirrorCoverageTests.test_service_type_and_nodeport_fails_both_workloads) ... ok
test_startup_probe_path_wrong_fails_both_workloads (test_validate_manifests.MirrorCoverageTests.test_startup_probe_path_wrong_fails_both_workloads) ... ok
test_app_deployment_namespace_wrong_fails (test_validate_manifests.NamespaceCrossCheckTests.test_app_deployment_namespace_wrong_fails) ... ok
test_gateway_configmap_namespace_wrong_fails (test_validate_manifests.NamespaceCrossCheckTests.test_gateway_configmap_namespace_wrong_fails) ... ok
test_gateway_service_namespace_wrong_fails (test_validate_manifests.NamespaceCrossCheckTests.test_gateway_service_namespace_wrong_fails) ... ok
test_namespace_object_missing_fails (test_validate_manifests.NamespaceCrossCheckTests.test_namespace_object_missing_fails) ... ok
test_only_one_deployment_fails_count (test_validate_manifests.ObjectCountTests.test_only_one_deployment_fails_count) ... ok
test_only_one_service_fails_count (test_validate_manifests.ObjectCountTests.test_only_one_service_fails_count) ... ok
test_app_pdb_missing_fails (test_validate_manifests.PdbTests.test_app_pdb_missing_fails) ... ok
test_gateway_pdb_missing_fails (test_validate_manifests.PdbTests.test_gateway_pdb_missing_fails) ... ok
test_pdb_cross_workload_selector_fails_both_workloads (test_validate_manifests.PdbTests.test_pdb_cross_workload_selector_fails_both_workloads) ... ok
test_pdb_uses_max_unavailable_instead_fails_both_workloads (test_validate_manifests.PdbTests.test_pdb_uses_max_unavailable_instead_fails_both_workloads) ... ok
test_pdb_wrong_api_version_fails_both_workloads (test_validate_manifests.PdbTests.test_pdb_wrong_api_version_fails_both_workloads) ... ok
test_pdb_wrong_min_available_fails_both_workloads (test_validate_manifests.PdbTests.test_pdb_wrong_min_available_fails_both_workloads) ... ok
test_pdb_wrong_namespace_fails_both_workloads (test_validate_manifests.PdbTests.test_pdb_wrong_namespace_fails_both_workloads) ... ok
test_pdb_wrong_selector_fails_both_workloads (test_validate_manifests.PdbTests.test_pdb_wrong_selector_fails_both_workloads) ... ok
test_app_readiness_probe_wrong_path_fails (test_validate_manifests.ProbeTests.test_app_readiness_probe_wrong_path_fails) ... ok
test_gateway_liveness_pointed_at_readyz_fails (test_validate_manifests.ProbeTests.test_gateway_liveness_pointed_at_readyz_fails) ... ok
test_gateway_readiness_probe_removed_fails (test_validate_manifests.ProbeTests.test_gateway_readiness_probe_removed_fails) ... ok
test_startup_probe_missing_fails (test_validate_manifests.ProbeTests.test_startup_probe_missing_fails) ... ok
test_app_replicas_changed_fails (test_validate_manifests.ReplicaTests.test_app_replicas_changed_fails) ... ok
test_gateway_replicas_changed_fails (test_validate_manifests.ReplicaTests.test_gateway_replicas_changed_fails) ... ok
test_app_resource_limits_missing_fails (test_validate_manifests.ResourceTests.test_app_resource_limits_missing_fails) ... ok
test_gateway_resource_requests_relaxed_fails (test_validate_manifests.ResourceTests.test_gateway_resource_requests_relaxed_fails) ... ok
test_max_surge_wrong_fails_both_workloads (test_validate_manifests.RolloutStrategyTests.test_max_surge_wrong_fails_both_workloads) ... ok
test_max_unavailable_wrong_fails_both_workloads (test_validate_manifests.RolloutStrategyTests.test_max_unavailable_wrong_fails_both_workloads) ... ok
test_min_ready_seconds_wrong_fails_both_workloads (test_validate_manifests.RolloutStrategyTests.test_min_ready_seconds_wrong_fails_both_workloads) ... ok
test_progress_deadline_seconds_wrong_fails_both_workloads (test_validate_manifests.RolloutStrategyTests.test_progress_deadline_seconds_wrong_fails_both_workloads) ... ok
test_revision_history_limit_wrong_fails_both_workloads (test_validate_manifests.RolloutStrategyTests.test_revision_history_limit_wrong_fails_both_workloads) ... ok
test_strategy_type_wrong_fails_both_workloads (test_validate_manifests.RolloutStrategyTests.test_strategy_type_wrong_fails_both_workloads) ... ok
test_max_skew_wrong_fails_both_workloads (test_validate_manifests.SchedulingTests.test_max_skew_wrong_fails_both_workloads) ... ok
test_node_affinity_changed_to_allow_control_plane_fails_both_workloads (test_validate_manifests.SchedulingTests.test_node_affinity_changed_to_allow_control_plane_fails_both_workloads) ... ok
test_node_affinity_policy_removed_fails_both_workloads (test_validate_manifests.SchedulingTests.test_node_affinity_policy_removed_fails_both_workloads) ... ok
test_node_affinity_policy_weakened_fails_both_workloads (test_validate_manifests.SchedulingTests.test_node_affinity_policy_weakened_fails_both_workloads) ... ok
test_node_affinity_removed_fails_both_workloads (test_validate_manifests.SchedulingTests.test_node_affinity_removed_fails_both_workloads) ... ok
test_node_taints_policy_removed_fails_both_workloads (test_validate_manifests.SchedulingTests.test_node_taints_policy_removed_fails_both_workloads) ... ok
test_node_taints_policy_weakened_fails_both_workloads (test_validate_manifests.SchedulingTests.test_node_taints_policy_weakened_fails_both_workloads) ... ok
test_topology_key_wrong_fails_both_workloads (test_validate_manifests.SchedulingTests.test_topology_key_wrong_fails_both_workloads) ... ok
test_topology_selector_cross_wired_fails_both_workloads (test_validate_manifests.SchedulingTests.test_topology_selector_cross_wired_fails_both_workloads) ... ok
test_topology_spread_removed_fails_both_workloads (test_validate_manifests.SchedulingTests.test_topology_spread_removed_fails_both_workloads) ... ok
test_when_unsatisfiable_wrong_fails_both_workloads (test_validate_manifests.SchedulingTests.test_when_unsatisfiable_wrong_fails_both_workloads) ... ok
test_app_missing_secret_volume_fails (test_validate_manifests.SecretWiringTests.test_app_missing_secret_volume_fails) ... ok
test_gateway_missing_secret_volume_fails (test_validate_manifests.SecretWiringTests.test_gateway_missing_secret_volume_fails) ... ok
test_secret_mount_not_read_only_fails (test_validate_manifests.SecretWiringTests.test_secret_mount_not_read_only_fails) ... ok
test_token_like_key_added_to_configmap_fails (test_validate_manifests.SecretWiringTests.test_token_like_key_added_to_configmap_fails) ... ok
test_wrong_key_via_items_restriction_fails (test_validate_manifests.SecretWiringTests.test_wrong_key_via_items_restriction_fails) ... ok
test_wrong_mount_path_fails (test_validate_manifests.SecretWiringTests.test_wrong_mount_path_fails) ... ok
test_wrong_secret_name_fails (test_validate_manifests.SecretWiringTests.test_wrong_secret_name_fails) ... ok
test_app_automount_service_account_token_true_fails (test_validate_manifests.SecurityContextTests.test_app_automount_service_account_token_true_fails) ... ok
test_app_host_pid_true_fails (test_validate_manifests.SecurityContextTests.test_app_host_pid_true_fails) ... ok
test_app_host_port_set_fails (test_validate_manifests.SecurityContextTests.test_app_host_port_set_fails) ... ok
test_app_hostpath_volume_present_fails (test_validate_manifests.SecurityContextTests.test_app_hostpath_volume_present_fails) ... ok
test_app_read_only_root_filesystem_false_fails (test_validate_manifests.SecurityContextTests.test_app_read_only_root_filesystem_false_fails) ... ok
test_app_run_as_group_zero_fails (test_validate_manifests.SecurityContextTests.test_app_run_as_group_zero_fails) ... ok
test_app_run_as_user_zero_fails (test_validate_manifests.SecurityContextTests.test_app_run_as_user_zero_fails) ... ok
test_gateway_capabilities_not_drop_all_fails (test_validate_manifests.SecurityContextTests.test_gateway_capabilities_not_drop_all_fails) ... ok
test_gateway_host_ipc_true_fails (test_validate_manifests.SecurityContextTests.test_gateway_host_ipc_true_fails) ... ok
test_gateway_host_network_true_fails (test_validate_manifests.SecurityContextTests.test_gateway_host_network_true_fails) ... ok
test_gateway_privileged_true_fails (test_validate_manifests.SecurityContextTests.test_gateway_privileged_true_fails) ... ok
test_gateway_run_as_group_zero_fails (test_validate_manifests.SecurityContextTests.test_gateway_run_as_group_zero_fails) ... ok
test_gateway_run_as_non_root_false_fails (test_validate_manifests.SecurityContextTests.test_gateway_run_as_non_root_false_fails) ... ok
test_gateway_run_as_user_zero_fails (test_validate_manifests.SecurityContextTests.test_gateway_run_as_user_zero_fails) ... ok
test_gateway_seccomp_profile_wrong_fails (test_validate_manifests.SecurityContextTests.test_gateway_seccomp_profile_wrong_fails) ... ok
test_app_service_selecting_gateway_labels_fails (test_validate_manifests.SelectorIsolationTests.test_app_service_selecting_gateway_labels_fails) ... ok
test_gateway_service_selecting_app_labels_fails (test_validate_manifests.SelectorIsolationTests.test_gateway_service_selecting_app_labels_fails) ... ok
test_service_selector_mismatch_fails (test_validate_manifests.SelectorIsolationTests.test_service_selector_mismatch_fails) ... ok
test_service_changed_to_loadbalancer_fails (test_validate_manifests.ServiceTypeTests.test_service_changed_to_loadbalancer_fails) ... ok
test_service_changed_to_nodeport_fails (test_validate_manifests.ServiceTypeTests.test_service_changed_to_nodeport_fails) ... ok
test_app_version_label_drift_fails (test_validate_manifests.VersionDriftTests.test_app_version_label_drift_fails) ... ok
test_gateway_image_version_drift_fails (test_validate_manifests.VersionDriftTests.test_gateway_image_version_drift_fails) ... ok
test_gateway_pod_template_version_label_drift_fails (test_validate_manifests.VersionDriftTests.test_gateway_pod_template_version_label_drift_fails) ... ok
test_image_pull_policy_wrong_fails (test_validate_manifests.VersionDriftTests.test_image_pull_policy_wrong_fails) ... ok
test_baseline_passes_every_check (test_version_check.BaselineTests.test_baseline_passes_every_check) ... ok
test_app_image_tag_drift_fails (test_version_check.ImageTagDriftTests.test_app_image_tag_drift_fails) ... ok
test_gateway_image_tag_drift_fails (test_version_check.ImageTagDriftTests.test_gateway_image_tag_drift_fails) ... ok
test_missing_deployment_fails_image_check (test_version_check.ImageTagDriftTests.test_missing_deployment_fails_image_check) ... ok
test_deployment_metadata_label_drift_fails (test_version_check.LabelDriftTests.test_deployment_metadata_label_drift_fails) ... ok
test_namespace_label_drift_fails (test_version_check.LabelDriftTests.test_namespace_label_drift_fails) ... ok
test_pod_template_label_drift_fails (test_version_check.LabelDriftTests.test_pod_template_label_drift_fails) ... ok
test_version_file_not_bumped_fails (test_version_check.VersionFileDriftTests.test_version_file_not_bumped_fails) ... ok

----------------------------------------------------------------------
Ran 372 tests in 0.848s

OK
[FAIL] gateway configmap consumption: no pods available to exec into
[PASS] app ConfigMap maops-app-config APP_ENVIRONMENT consumed by live pod maops-app-abc: process env == ConfigMap data ('day2-service-discovery')
[FAIL] gateway configmap consumption: kubectl exec failed in pod maops-gateway-abc: pod not found
[FAIL] app runtime UID/GID: kubectl exec failed in pod maops-app-abc: executable file not found in $PATH
[PASS] gateway live process UID/GID in pod maops-gateway-abc == '10001 10001' (expected '10001 10001')
[PASS] app live pod volume 'internal-auth' references Secret 'maops-internal-auth' (expected 'maops-internal-auth')
[PASS] app live pod volumeMount 'internal-auth' -> mountPath='/var/run/secrets/maops' readOnly=True (expected /var/run/secrets/maops, readOnly=true)
[FAIL] app live pod volume 'internal-auth' references Secret 'wrong-secret' (expected 'maops-internal-auth')
[PASS] app live pod volumeMount 'internal-auth' -> mountPath='/var/run/secrets/maops' readOnly=True (expected /var/run/secrets/maops, readOnly=true)
# Day 3 context/topology/node-version verification (expected context: kind-maops-k8s-day3)
[FAIL] node names ['maops-k8s-day3-staging-control-plane'] do not all belong to expected cluster 'maops-k8s-day3' - refusing to proceed: this context may point at the wrong cluster
# Day 3 context/topology/node-version verification (expected context: kind-maops-k8s-day3)
[PASS] context 'kind-maops-k8s-day3' verified against live cluster node identity
[PASS] cluster has 3 node(s) (expected 3)
[PASS] 3/3 nodes Ready
[PASS] exactly one control-plane node found: ['maops-k8s-day3-control-plane']
[PASS] exactly 2 worker node(s) found: ['maops-k8s-day3-worker', 'maops-k8s-day3-worker2']
[PASS] server version v1.36.1 (expected v1.36.1)

6/6 context checks passed
PASS: Day 3 context, topology, and node version verified
# Day 3 context/topology/node-version verification (expected context: kind-maops-k8s-day3)
[PASS] context 'kind-maops-k8s-day3' verified against live cluster node identity
[PASS] cluster has 3 node(s) (expected 3)
[PASS] 3/3 nodes Ready
[FAIL] exactly one control-plane node found: ['maops-k8s-day3-control-plane', 'maops-k8s-day3-control-plane2']
[FAIL] exactly 2 worker node(s) found: ['maops-k8s-day3-worker']
[PASS] server version v1.36.1 (expected v1.36.1)

4/6 context checks passed
# Day 3 context/topology/node-version verification (expected context: kind-maops-k8s-day3)
[PASS] context 'kind-maops-k8s-day3' verified against live cluster node identity
[PASS] cluster has 3 node(s) (expected 3)
[FAIL] 2/3 nodes Ready
[PASS] exactly one control-plane node found: ['maops-k8s-day3-control-plane']
[PASS] exactly 2 worker node(s) found: ['maops-k8s-day3-worker', 'maops-k8s-day3-worker2']
[PASS] server version v1.36.1 (expected v1.36.1)

5/6 context checks passed
# Day 3 context/topology/node-version verification (expected context: kind-maops-k8s-day3)
[PASS] context 'kind-maops-k8s-day3' verified against live cluster node identity
[FAIL] cluster has 1 node(s) (expected 3)
[PASS] 1/1 nodes Ready
[PASS] exactly one control-plane node found: ['maops-k8s-day3-control-plane']
[FAIL] exactly 2 worker node(s) found: []
[PASS] server version v1.36.1 (expected v1.36.1)

4/6 context checks passed
# Day 3 context/topology/node-version verification (expected context: kind-maops-k8s-day3)
[PASS] context 'kind-maops-k8s-day3' verified against live cluster node identity
[PASS] cluster has 3 node(s) (expected 3)
[PASS] 3/3 nodes Ready
[PASS] exactly one control-plane node found: ['maops-k8s-day3-control-plane']
[PASS] exactly 2 worker node(s) found: ['maops-k8s-day3-worker', 'maops-k8s-day3-worker2']
[FAIL] server version v1.30.0 (expected v1.36.1)

5/6 context checks passed
# Day 3 context/topology/node-version verification (expected context: kind-maops-k8s-day3)
[PASS] context 'kind-maops-k8s-day3' verified against live cluster node identity
[FAIL] cluster has 2 node(s) (expected 3)
[PASS] 2/2 nodes Ready
[PASS] exactly one control-plane node found: ['maops-k8s-day3-control-plane']
[FAIL] exactly 2 worker node(s) found: ['maops-k8s-day3-worker']
[PASS] server version v1.36.1 (expected v1.36.1)

4/6 context checks passed
# Real dependency-failure behavior proof (gateway liveness vs. dependency-aware readiness)
[FAIL] RESTORATION: could not scale maops-app back to 2 replicas: simulated failure

0/1 dependency-failure checks passed

# Real dependency-failure behavior proof (gateway liveness vs. dependency-aware readiness)
[FAIL] dependency-failure experiment raised an unexpected error: boom

0/1 dependency-failure checks passed
# Real dependency-failure behavior proof (gateway liveness vs. dependency-aware readiness)
[FAIL] scaling maops-app to 0 failed/timed out: deployment not found

0/1 dependency-failure checks passed
# Real dependency-failure behavior proof (gateway liveness vs. dependency-aware readiness)

0/0 dependency-failure checks passed
PASS: dependency-failure behavior proven and maops-app restored to 3/3 Ready
[FAIL] RESTORATION: maops-app did not recover to 3/3 Ready: maops-app never ready
[FAIL] RESTORATION: maops-app did not recover to 3/3 Ready: maops-app never ready
[PASS] RESTORATION: maops-app restored to 3/3 Ready
[PASS] RESTORATION: maops-gateway recovered to 3/3 Ready
[PASS] RESTORATION: post-recovery gateway /readyz: 200 OK
[PASS] RESTORATION: post-recovery gateway /backend: 200 OK
[PASS] RESTORATION: maops-app restored to 3/3 Ready
[FAIL] RESTORATION: maops-gateway did not recover to 3/3 Ready: maops-gateway never recovered
[PASS] RESTORATION: maops-app restored to 3/3 Ready
[PASS] RESTORATION: maops-gateway recovered to 3/3 Ready
[FAIL] RESTORATION: post-recovery Service HTTP check failed: port-forward failed
[FAIL] RESTORATION: could not scale maops-app back to 3 replicas: deployment not found
[FAIL] RESTORATION: could not scale maops-app back to 3 replicas: Command '['kubectl', 'scale']' timed out after 30 seconds
# Real dependency-failure behavior proof (gateway liveness vs. dependency-aware readiness)
[PASS] no leaked Day 3 (kind-maops-k8s-day3/maops-platform) kubectl port-forward processes (found 0: [])
[FAIL] no leaked Day 3 (kind-maops-k8s-day3/maops-platform) kubectl port-forward processes (found 1: ['1234 kubectl --context kind-maops-k8s-day3 -n maops-platform port-forward service/maops-gateway 51234:8080'])
[PASS] no leaked Day 3 (kind-maops-k8s-day3/maops-platform) kubectl port-forward processes (found 0: [])
[PASS] no leaked Day 3 (kind-maops-k8s-day3/maops-platform) kubectl port-forward processes (found 0: [])
[PASS] maops-k8s-day1 kind cluster still exists (existence only - not a claim that its internal state is unchanged)
[PASS] maops-k8s-day2 kind cluster still exists (existence only - not a claim that its internal state is unchanged)
[FAIL] maops-k8s-day1 kind cluster still exists (existence only - not a claim that its internal state is unchanged)
[FAIL] maops-k8s-day2 kind cluster still exists (existence only - not a claim that its internal state is unchanged)
[PASS] app maops-app-pdb: spec.minAvailable == 2 (expected 2)
[FAIL] app maops-app-pdb: normal healthy status - currentHealthy=2 desiredHealthy=2 disruptionsAllowed=1 (expected 3/2/1)
[PASS] app maops-app-pdb: spec.minAvailable == 2 (expected 2)
[FAIL] app maops-app-pdb: normal healthy status - currentHealthy=3 desiredHealthy=1 disruptionsAllowed=1 (expected 3/2/1)
[PASS] app maops-app-pdb: spec.minAvailable == 2 (expected 2)
[FAIL] app maops-app-pdb: normal healthy status - currentHealthy=3 desiredHealthy=2 disruptionsAllowed=0 (expected 3/2/1)
[PASS] app maops-app-pdb: spec.minAvailable == 2 (expected 2)
[PASS] app maops-app-pdb: normal healthy status - currentHealthy=3 desiredHealthy=2 disruptionsAllowed=1 (expected 3/2/1)
[FAIL] runtime Secret 'maops-internal-auth' does not exist
[FAIL] runtime Secret 'maops-internal-auth' final-state check failed: namespace gone
[PASS] runtime Secret final state: ok
## PDB experiment: app (maops-app-pdb)
[PASS] app baseline: maops-app 3/3 Ready
[PASS] app baseline PDB maops-app-pdb: currentHealthy=3 desiredHealthy=None disruptionsAllowed=None
[PASS] app: maops-app scaled down to 2/2 Ready (PDB does NOT block ordinary Deployment scaling)
[PASS] app disrupted PDB maops-app-pdb: currentHealthy=2 desiredHealthy=None disruptionsAllowed=0
selected Pod for Eviction-API attempt: p
[FAIL] app: Eviction API subprocess call against p timed out after 15.0s - inconclusive, NOT classified as a PDB rejection (Command '['kubectl']' timed out after 15 seconds)
## PDB experiment: app (maops-app-pdb)
[PASS] app baseline: maops-app 3/3 Ready
[PASS] app baseline PDB maops-app-pdb: currentHealthy=3 desiredHealthy=None disruptionsAllowed=None
[PASS] app: maops-app scaled down to 2/2 Ready (PDB does NOT block ordinary Deployment scaling)
[PASS] app disrupted PDB maops-app-pdb: currentHealthy=2 desiredHealthy=None disruptionsAllowed=0
selected Pod for Eviction-API attempt: p
eviction attempt exit=1 classification=rejected_by_pdb
eviction response: stdout='' stderr='Error from server (TooManyRequests): disruption budget'
[PASS] app: Eviction API call against p was rejected with disruption-budget-specific evidence (TooManyRequests + disruption budget message/details)
[PASS] app: selected Pod p was not voluntarily evicted (still present, same UID, no deletionTimestamp)
[FAIL] RESTORATION: could not scale maops-app back to 3 replicas: simulated failure
## PDB experiment: app (maops-app-pdb)
[PASS] app baseline: maops-app 3/3 Ready
[PASS] app baseline PDB maops-app-pdb: currentHealthy=3 desiredHealthy=None disruptionsAllowed=None
[PASS] app: maops-app scaled down to 2/2 Ready (PDB does NOT block ordinary Deployment scaling)
[FAIL] app PDB experiment raised an unexpected error: boom
## PDB experiment: app (maops-app-pdb)
[FAIL] app baseline: never ready
## PDB experiment: app (maops-app-pdb)
[PASS] app baseline: maops-app 3/3 Ready
[PASS] app baseline PDB maops-app-pdb: currentHealthy=3 desiredHealthy=None disruptionsAllowed=None
[FAIL] app PDB experiment: kubectl command failed/timed out: deployment not found
## PDB experiment: app (maops-app-pdb)
[PASS] app baseline: maops-app 3/3 Ready
[PASS] app baseline PDB maops-app-pdb: currentHealthy=3 desiredHealthy=None disruptionsAllowed=None
[PASS] app: maops-app scaled down to 2/2 Ready (PDB does NOT block ordinary Deployment scaling)
[PASS] app disrupted PDB maops-app-pdb: currentHealthy=2 desiredHealthy=None disruptionsAllowed=0
selected Pod for Eviction-API attempt: p
eviction attempt exit=0 classification=succeeded
eviction response: stdout='{"status":"Success"}' stderr=''
[FAIL] app: Eviction API call UNEXPECTEDLY SUCCEEDED against p - the PDB should have blocked it
[FAIL] app: selected Pod p was not voluntarily evicted (still present, same UID, no deletionTimestamp)
[FAIL] RESTORATION: app: maops-app did not return to 3/3 Ready: never reached 3/3
[FAIL] RESTORATION: app: maops-app did not return to 3/3 Ready: never reached 3/3
[PASS] RESTORATION: app: maops-app restored to 3/3 Ready
[PASS] RESTORATION: app: PDB maops-app-pdb healthy state restored - currentHealthy=3 desiredHealthy=2 disruptionsAllowed=1
[PASS] RESTORATION: app: maops-app restored to 3/3 Ready
[FAIL] RESTORATION: app: PDB maops-app-pdb did not return to the healthy 3/3 state: PDB never healthy again
[FAIL] RESTORATION: app: could not scale maops-app back to 3: deployment not found
[FAIL] RESTORATION: app: could not scale maops-app back to 3: Command '['kubectl', 'scale']' timed out after 30 seconds
## PDB experiment: app (maops-app-pdb)
[PASS] app baseline: maops-app 3/3 Ready
[PASS] app baseline PDB maops-app-pdb: currentHealthy=3 desiredHealthy=None disruptionsAllowed=None
[PASS] app: maops-app scaled down to 2/2 Ready (PDB does NOT block ordinary Deployment scaling)
[PASS] app disrupted PDB maops-app-pdb: currentHealthy=2 desiredHealthy=None disruptionsAllowed=0
selected Pod for Eviction-API attempt: bbb-healthy
[FAIL] app: selected victim bbb-healthy (uid=uid-healthy) was no longer a valid healthy target immediately before eviction (freshness check failed: gone, replaced, NotReady, or terminating) - eviction not attempted, not attributable to the PDB
## PDB experiment: app (maops-app-pdb)
[PASS] app baseline: maops-app 3/3 Ready
[PASS] app baseline PDB maops-app-pdb: currentHealthy=3 desiredHealthy=None disruptionsAllowed=None
[PASS] app: maops-app scaled down to 2/2 Ready (PDB does NOT block ordinary Deployment scaling)
[PASS] app disrupted PDB maops-app-pdb: currentHealthy=2 desiredHealthy=None disruptionsAllowed=0
[FAIL] app: no healthy (Ready, non-terminating) Pods available to select an eviction target from
## PDB experiment: app (maops-app-pdb)
[PASS] app baseline: maops-app 3/3 Ready
[PASS] app baseline PDB maops-app-pdb: currentHealthy=3 desiredHealthy=None disruptionsAllowed=None
[PASS] app: maops-app scaled down to 2/2 Ready (PDB does NOT block ordinary Deployment scaling)
[PASS] app disrupted PDB maops-app-pdb: currentHealthy=2 desiredHealthy=None disruptionsAllowed=0
selected Pod for Eviction-API attempt: bbb-healthy
eviction attempt exit=1 classification=rejected_by_pdb
eviction response: stdout='' stderr='Error from server (TooManyRequests): disruption budget'
[PASS] app: Eviction API call against bbb-healthy was rejected with disruption-budget-specific evidence (TooManyRequests + disruption budget message/details)
[PASS] app: selected Pod bbb-healthy was not voluntarily evicted (still present, same UID, no deletionTimestamp)
## PDB experiment: app (maops-app-pdb)
[PASS] app baseline: maops-app 3/3 Ready
[PASS] app baseline PDB maops-app-pdb: currentHealthy=3 desiredHealthy=None disruptionsAllowed=None
[PASS] app: maops-app scaled down to 2/2 Ready (PDB does NOT block ordinary Deployment scaling)
[PASS] app disrupted PDB maops-app-pdb: currentHealthy=2 desiredHealthy=None disruptionsAllowed=0
selected Pod for Eviction-API attempt: bbb-healthy
eviction attempt exit=1 classification=rejected_by_pdb
eviction response: stdout='' stderr='Error from server (TooManyRequests): disruption budget'
[PASS] app: Eviction API call against bbb-healthy was rejected with disruption-budget-specific evidence (TooManyRequests + disruption budget message/details)
[PASS] app: selected Pod bbb-healthy was not voluntarily evicted (still present, same UID, no deletionTimestamp)
# Real Day 3 PodDisruptionBudget/Eviction behavior validation against context kind-maops-k8s-day3
# Controller reconciliation proof
[PASS] observed 3 pods before deletion (expected 3)
recorded pod UIDs before deletion: {'uid-a', 'uid-c', 'uid-b'}
deleting exactly one pod: maops-app-aaa
[FAIL] failed to delete pod maops-app-aaa: pods "maops-app-aaa" not found

1/2 reconciliation checks passed
# Controller reconciliation proof
[PASS] observed 3 pods before deletion (expected 3)
recorded pod UIDs before deletion: {'uid-m', 'uid-z', 'uid-a'}
deleting exactly one pod: maops-app-aaa
[FAIL] failed to delete pod maops-app-aaa: stop here for this test

1/2 reconciliation checks passed
# Controller reconciliation proof
[PASS] observed 3 pods before deletion (expected 3)
recorded pod UIDs before deletion: {'uid-2', 'uid-1', 'uid-3'}
deleting exactly one pod: maops-app-1
[FAIL] failed to delete pod maops-app-1: stop here for this test

1/2 reconciliation checks passed
# Controller reconciliation proof
[PASS] observed 3 pods before deletion (expected 3)
recorded pod UIDs before deletion: {'uid-2', 'uid-1', 'uid-3'}
deleting exactly one pod: maops-app-1
[FAIL] failed to delete pod maops-app-1: stop here for this test

2/4 reconciliation checks passed
# Controller reconciliation proof
## Rolling-update experiment: gateway (maops-gateway)
[PASS] gateway baseline: maops-gateway 3/3 Ready
[FAIL] gateway baseline: captured 1 Pod UID(s) and 0 ReplicaSet identity(ies)
[PASS] gateway: new ReplicaSet identity(ies) appeared: {'rs-2'}
[PASS] gateway: kubectl rollout status reported success: 'ok'
[PASS] gateway post-rollout: maops-gateway 3/3 Ready
[PASS] gateway: Pods were actually replaced (baseline UIDs {'uid-1'} -> new UIDs {'uid-2', 'uid-4', 'uid-3'})
[PASS] gateway post-rollout: EndpointSlice has 3 ready endpoint(s)
[PASS] gateway: Service sampled 1/1 times successfully in-flight (from the rollout mutation to rollout-status completion, bounded polling at 1.0s intervals) - this records actual observed availability, not an assumption of zero downtime
[PASS] gateway: at least one successful Service sample was confirmed while the live Pod set had already diverged from the pre-rollout baseline (genuine in-flight proof, not merely post-rollout)
## Rolling-update experiment: gateway (maops-gateway)
[PASS] gateway baseline: maops-gateway 3/3 Ready
[FAIL] gateway baseline: captured 1 Pod UID(s) and 0 ReplicaSet identity(ies)
[PASS] gateway: new ReplicaSet identity(ies) appeared: {'rs-2'}
[PASS] gateway: kubectl rollout status reported success: 'ok'
[PASS] gateway post-rollout: maops-gateway 3/3 Ready
[FAIL] gateway: Pods were actually replaced (baseline UIDs {'uid-1'} -> new UIDs {'uid-2'})
[PASS] gateway post-rollout: EndpointSlice has 3 ready endpoint(s)
[PASS] gateway: Service sampled 1/1 times successfully in-flight (from the rollout mutation to rollout-status completion, bounded polling at 1.0s intervals) - this records actual observed availability, not an assumption of zero downtime
[INCONCLUSIVE] gateway: rollout completed before any successful Service sample could be confirmed against a diverged live Pod set (1/1 samples taken overall) - the stronger in-flight-divergence proof is inconclusive, not claimed as a PASS
[FAIL] RESTORATION: kubectl rollout undo failed: simulated failure
## Rolling-update experiment: gateway (maops-gateway)
[PASS] gateway baseline: maops-gateway 3/3 Ready
[FAIL] gateway baseline: captured 1 Pod UID(s) and 0 ReplicaSet identity(ies)
[PASS] gateway: new ReplicaSet identity(ies) appeared: {'rs-2'}
[FAIL] gateway rollout experiment raised an unexpected error: boom
## Rolling-update experiment: gateway (maops-gateway)
[FAIL] gateway baseline: never ready
## Rolling-update experiment: gateway (maops-gateway)
[PASS] gateway baseline: maops-gateway 3/3 Ready
[FAIL] gateway baseline: captured 1 Pod UID(s) and 0 ReplicaSet identity(ies)
[FAIL] gateway rollout experiment: kubectl command failed/timed out: deployment not found
[PASS] RESTORATION: gateway: kubectl rollout undo deployment/maops-gateway -> 'ok'
[PASS] RESTORATION: gateway: rollback rollout status reported success: 'ok'
[FAIL] RESTORATION: gateway: maops-gateway did not return to 3/3 Ready: never reached 3/3
[PASS] RESTORATION: gateway: kubectl rollout undo deployment/maops-gateway -> 'ok'
[PASS] RESTORATION: gateway: rollback rollout status reported success: 'ok'
[PASS] RESTORATION: gateway: maops-gateway back to 3/3 Ready after rollback
[PASS] RESTORATION: gateway: Deployment Available condition True after rollback
[PASS] RESTORATION: gateway: temporary rollout-test annotation absent after rollback (found None)
[PASS] RESTORATION: gateway: live image after rollback == 'maops-kubernetes-gateway:0.3.0' (matches pre-experiment baseline 'maops-kubernetes-gateway:0.3.0')
[PASS] RESTORATION: gateway: exactly 3 Pods present after rollback
[PASS] RESTORATION: gateway: rollback produced a replacement set of Pods (pre-rollback UIDs {'uid-1'} -> post-rollback UIDs {'uid-2', 'uid-4', 'uid-3'})
[FAIL] RESTORATION: gateway: EndpointSlice did not return to 3 after rollback: never settled
[PASS] RESTORATION: gateway: kubectl rollout undo deployment/maops-gateway -> 'ok'
[PASS] RESTORATION: gateway: rollback rollout status reported success: 'ok'
[PASS] RESTORATION: gateway: maops-gateway back to 3/3 Ready after rollback
[PASS] RESTORATION: gateway: Deployment Available condition True after rollback
[PASS] RESTORATION: gateway: temporary rollout-test annotation absent after rollback (found None)
[PASS] RESTORATION: gateway: live image after rollback == 'maops-kubernetes-gateway:0.3.0' (matches pre-experiment baseline 'maops-kubernetes-gateway:0.3.0')
[PASS] RESTORATION: gateway: exactly 3 Pods present after rollback
[PASS] RESTORATION: gateway: rollback produced a replacement set of Pods (pre-rollback UIDs {'uid-1'} -> post-rollback UIDs {'uid-2', 'uid-4', 'uid-3'})
[PASS] RESTORATION: gateway: EndpointSlice back to 3 ready endpoint(s) after rollback
[PASS] RESTORATION: gateway: post-rollback Service functional check: 200 OK
[PASS] RESTORATION: gateway: kubectl rollout undo deployment/maops-gateway -> 'ok'
[PASS] RESTORATION: gateway: rollback rollout status reported success: 'ok'
[PASS] RESTORATION: gateway: maops-gateway back to 3/3 Ready after rollback
[PASS] RESTORATION: gateway: Deployment Available condition True after rollback
[PASS] RESTORATION: gateway: temporary rollout-test annotation absent after rollback (found None)
[PASS] RESTORATION: gateway: live image after rollback == 'maops-kubernetes-gateway:0.3.0' (matches pre-experiment baseline 'maops-kubernetes-gateway:0.3.0')
[FAIL] RESTORATION: gateway: Pod count did not settle to 3 after rollback: never settled
[PASS] RESTORATION: gateway: kubectl rollout undo deployment/maops-gateway -> 'ok'
[PASS] RESTORATION: gateway: rollback rollout status reported success: 'ok'
[PASS] RESTORATION: gateway: maops-gateway back to 3/3 Ready after rollback
[PASS] RESTORATION: gateway: Deployment Available condition True after rollback
[FAIL] RESTORATION: gateway: temporary rollout-test annotation absent after rollback (found 'day3-leftover-marker')
[PASS] RESTORATION: gateway: live image after rollback == 'maops-kubernetes-gateway:0.3.0' (matches pre-experiment baseline 'maops-kubernetes-gateway:0.3.0')
[PASS] RESTORATION: gateway: exactly 3 Pods present after rollback
[PASS] RESTORATION: gateway: rollback produced a replacement set of Pods (pre-rollback UIDs {'uid-1'} -> post-rollback UIDs {'uid-2', 'uid-4', 'uid-3'})
[PASS] RESTORATION: gateway: EndpointSlice back to 3 ready endpoint(s) after rollback
[PASS] RESTORATION: gateway: post-rollback Service functional check: 200 OK
[PASS] RESTORATION: gateway: kubectl rollout undo deployment/maops-gateway -> 'ok'
[PASS] RESTORATION: gateway: rollback rollout status reported success: 'ok'
[PASS] RESTORATION: gateway: maops-gateway back to 3/3 Ready after rollback
[PASS] RESTORATION: gateway: Deployment Available condition True after rollback
[PASS] RESTORATION: gateway: temporary rollout-test annotation absent after rollback (found None)
[FAIL] RESTORATION: gateway: live image after rollback == 'maops-kubernetes-gateway:0.2.0' (matches pre-experiment baseline 'maops-kubernetes-gateway:0.3.0')
[PASS] RESTORATION: gateway: exactly 3 Pods present after rollback
[PASS] RESTORATION: gateway: rollback produced a replacement set of Pods (pre-rollback UIDs {'uid-1'} -> post-rollback UIDs {'uid-2', 'uid-4', 'uid-3'})
[PASS] RESTORATION: gateway: EndpointSlice back to 3 ready endpoint(s) after rollback
[PASS] RESTORATION: gateway: post-rollback Service functional check: 200 OK
[PASS] RESTORATION: gateway: kubectl rollout undo deployment/maops-gateway -> 'ok'
[PASS] RESTORATION: gateway: rollback rollout status reported success: 'ok'
[PASS] RESTORATION: gateway: maops-gateway back to 3/3 Ready after rollback
[PASS] RESTORATION: gateway: Deployment Available condition True after rollback
[PASS] RESTORATION: gateway: temporary rollout-test annotation absent after rollback (found None)
[PASS] RESTORATION: gateway: live image after rollback == 'maops-kubernetes-gateway:0.3.0' (matches pre-experiment baseline 'maops-kubernetes-gateway:0.3.0')
[PASS] RESTORATION: gateway: exactly 3 Pods present after rollback
[FAIL] RESTORATION: gateway: rollback produced a replacement set of Pods (pre-rollback UIDs {'uid-1'} -> post-rollback UIDs {'uid-1'})
[PASS] RESTORATION: gateway: EndpointSlice back to 3 ready endpoint(s) after rollback
[PASS] RESTORATION: gateway: post-rollback Service functional check: 200 OK
[FAIL] RESTORATION: gateway: rollback command failed/timed out: deployment not found
[FAIL] RESTORATION: gateway: rollback command failed/timed out: Command '['kubectl', 'rollout', 'undo']' timed out after 30 seconds
# Real Day 3 rolling-update + rollback validation against context kind-maops-k8s-day3
## Scaling experiment: app (maops-app)
[PASS] app baseline: maops-app desired/Ready == 3
[PASS] app baseline: 3/3 Pods Ready
[PASS] app baseline: EndpointSlice has 3 ready endpoint(s)
[PASS] app scale-up: maops-app desired==4 Ready==4 (expected 4/4)
[PASS] app scale-up: 4/4 Pods Ready
[PASS] app scale-up: EndpointSlice shows 4 unique ready endpoints
[FAIL] RESTORATION: could not scale maops-app back to 3 replicas: simulated failure
## Scaling experiment: app (maops-app)
[PASS] app baseline: maops-app desired/Ready == 3
[PASS] app baseline: 3/3 Pods Ready
[PASS] app baseline: EndpointSlice has 3 ready endpoint(s)
[PASS] app scale-up: maops-app desired==4 Ready==4 (expected 4/4)
[PASS] app scale-up: 4/4 Pods Ready
[PASS] app scale-up: EndpointSlice shows 4 unique ready endpoints
[FAIL] app scaling experiment raised an unexpected error: functional check exploded
## Scaling experiment: app (maops-app)
[FAIL] app baseline: never ready
## Scaling experiment: app (maops-app)
[PASS] app baseline: maops-app desired/Ready == 3
[PASS] app baseline: 3/3 Pods Ready
[PASS] app baseline: EndpointSlice has 3 ready endpoint(s)
[FAIL] app scale-up: kubectl scale failed/timed out: deployment not found
[FAIL] RESTORATION: app: maops-app did not return to 3/3 Ready: never reached 3/3
[PASS] RESTORATION: app: maops-app restored to desired==3 Ready==3
[PASS] RESTORATION: app: 3/3 Pods Ready after restore
[FAIL] RESTORATION: app: EndpointSlice did not return to 3: never settled
[FAIL] RESTORATION: app: maops-app did not return to 3/3 Ready: never reached 3/3
[PASS] RESTORATION: app: maops-app restored to desired==3 Ready==3
[PASS] RESTORATION: app: 3/3 Pods Ready after restore
[PASS] RESTORATION: app: EndpointSlice returned to 3 ready endpoint(s)
[PASS] RESTORATION: app: maops-app restored to desired==3 Ready==3
[FAIL] RESTORATION: app: Pods did not return to 3/3 Ready: pods never ready
[FAIL] RESTORATION: app: could not scale maops-app back to 3: deployment not found
[FAIL] RESTORATION: app: could not scale maops-app back to 3: Command '['kubectl', 'scale']' timed out after 30 seconds
# Real Day 3 scaling validation (3 -> 4 -> 3) against context kind-maops-k8s-day3
[PASS] cluster has 3 node(s) (expected 3)
[PASS] 3/3 nodes Ready
[PASS] exactly one control-plane node found: ['maops-k8s-day3-control-plane']
[PASS] exactly 2 worker node(s) found: ['maops-k8s-day3-worker', 'maops-k8s-day3-worker2']
[PASS] cluster has 3 node(s) (expected 3)
[FAIL] 2/3 nodes Ready
[PASS] exactly one control-plane node found: ['maops-k8s-day3-control-plane']
[PASS] exactly 2 worker node(s) found: ['maops-k8s-day3-worker', 'maops-k8s-day3-worker2']
[FAIL] cluster has 1 node(s) (expected 3)
[PASS] 1/1 nodes Ready
[PASS] exactly one control-plane node found: ['only-node']
[FAIL] exactly 2 worker node(s) found: []
[PASS] gateway: 3/3 Pods Ready (expected 3/3)
[PASS] gateway: zero Pods scheduled on the control-plane node (found on: [])
[FAIL] gateway: both worker nodes host at least one Pod: {'w1': 3, 'w2': 0}
[FAIL] gateway: worker replica-count skew == 3 (expected <= 1), distribution {'w1': 3, 'w2': 0}
[PASS] gateway: 3/3 Pods Ready (expected 3/3)
[PASS] gateway: zero Pods scheduled on the control-plane node (found on: [])
[PASS] gateway: both worker nodes host at least one Pod: {'w1': 1, 'w2': 2}
[PASS] gateway: worker replica-count skew == 1 (expected <= 1), distribution {'w1': 1, 'w2': 2}
[PASS] gateway: 3/3 Pods Ready (expected 3/3)
[PASS] gateway: zero Pods scheduled on the control-plane node (found on: [])
[PASS] gateway: both worker nodes host at least one Pod: {'w1': 2, 'w2': 1}
[PASS] gateway: worker replica-count skew == 1 (expected <= 1), distribution {'w1': 2, 'w2': 1}
[FAIL] gateway: 2/3 Pods Ready (expected 3/3)
[PASS] gateway: zero Pods scheduled on the control-plane node (found on: [])
[PASS] gateway: both worker nodes host at least one Pod: {'w1': 2, 'w2': 1}
[PASS] gateway: worker replica-count skew == 1 (expected <= 1), distribution {'w1': 2, 'w2': 1}
[PASS] gateway: 3/3 Pods Ready (expected 3/3)
[FAIL] gateway: zero Pods scheduled on the control-plane node (found on: ['cp'])
[PASS] gateway: both worker nodes host at least one Pod: {'w1': 1, 'w2': 1}
[PASS] gateway: worker replica-count skew == 0 (expected <= 1), distribution {'w1': 1, 'w2': 1}
[PASS] gateway: 3/3 Pods Ready (expected 3/3)
[PASS] gateway: zero Pods scheduled on the control-plane node (found on: [])
[FAIL] gateway: both worker nodes host at least one Pod: {'w1': 3, 'w2': 0}
[FAIL] gateway: worker replica-count skew == 3 (expected <= 1), distribution {'w1': 3, 'w2': 0}
# Secret bootstrap: maops-internal-auth in namespace maops-platform (context kind-maops-k8s-day3)
Secret 'maops-internal-auth' already exists - preserving it (no rotation).
[FAIL] Secret 'maops-internal-auth' is missing expected key 'internal-token'
# Secret bootstrap: maops-internal-auth in namespace maops-platform (context kind-maops-k8s-day3)
Secret 'maops-internal-auth' already exists - preserving it (no rotation).
[PASS] Secret 'maops-internal-auth' key 'internal-token' present and non-empty (18 bytes)
PASS: secret bootstrap verified existing Secret
# Secret bootstrap: maops-internal-auth in namespace maops-platform (context kind-maops-k8s-day3)
Secret 'maops-internal-auth' does not exist - generating a new token.
# Secret bootstrap: maops-internal-auth in namespace maops-platform (context kind-maops-k8s-day3)
Secret 'maops-internal-auth' does not exist - generating a new token.
Secret 'maops-internal-auth' created.
[PASS] Secret 'maops-internal-auth' key 'internal-token' present and non-empty (11 bytes)
PASS: secret bootstrap created and verified a new Secret
# Secret bootstrap: maops-internal-auth in namespace maops-platform (context kind-maops-k8s-day3)
python3 scripts/version_check.py k8s/base
# Version consistency check (VERSION file == '0.3.0')
[PASS] version.file_matches_day3_target: expected VERSION == '0.3.0', found '0.3.0'
[PASS] version.maops-gateway.image_tag_matches_version: expected maops-gateway image == 'maops-kubernetes-gateway:0.3.0', found 'maops-kubernetes-gateway:0.3.0' (tag '0.3.0')
[PASS] version.maops-app.image_tag_matches_version: expected maops-app image == 'maops-kubernetes-app:0.3.0', found 'maops-kubernetes-app:0.3.0' (tag '0.3.0')
[PASS] version.label_matches[Namespace/maops-platform.metadata.labels]: expected app.kubernetes.io/version == '0.3.0' at Namespace/maops-platform.metadata.labels, found '0.3.0'
[PASS] version.label_matches[ConfigMap/maops-app-config.metadata.labels]: expected app.kubernetes.io/version == '0.3.0' at ConfigMap/maops-app-config.metadata.labels, found '0.3.0'
[PASS] version.label_matches[ConfigMap/maops-gateway-config.metadata.labels]: expected app.kubernetes.io/version == '0.3.0' at ConfigMap/maops-gateway-config.metadata.labels, found '0.3.0'
[PASS] version.label_matches[Service/maops-app.metadata.labels]: expected app.kubernetes.io/version == '0.3.0' at Service/maops-app.metadata.labels, found '0.3.0'
[PASS] version.label_matches[Service/maops-gateway.metadata.labels]: expected app.kubernetes.io/version == '0.3.0' at Service/maops-gateway.metadata.labels, found '0.3.0'
[PASS] version.label_matches[Deployment/maops-app.metadata.labels]: expected app.kubernetes.io/version == '0.3.0' at Deployment/maops-app.metadata.labels, found '0.3.0'
[PASS] version.label_matches[Deployment/maops-app.spec.template.metadata.labels]: expected app.kubernetes.io/version == '0.3.0' at Deployment/maops-app.spec.template.metadata.labels, found '0.3.0'
[PASS] version.label_matches[Deployment/maops-gateway.metadata.labels]: expected app.kubernetes.io/version == '0.3.0' at Deployment/maops-gateway.metadata.labels, found '0.3.0'
[PASS] version.label_matches[Deployment/maops-gateway.spec.template.metadata.labels]: expected app.kubernetes.io/version == '0.3.0' at Deployment/maops-gateway.spec.template.metadata.labels, found '0.3.0'
[PASS] version.label_matches[PodDisruptionBudget/maops-app-pdb.metadata.labels]: expected app.kubernetes.io/version == '0.3.0' at PodDisruptionBudget/maops-app-pdb.metadata.labels, found '0.3.0'
[PASS] version.label_matches[PodDisruptionBudget/maops-gateway-pdb.metadata.labels]: expected app.kubernetes.io/version == '0.3.0' at PodDisruptionBudget/maops-gateway-pdb.metadata.labels, found '0.3.0'
[PASS] version.labels_present: expected at least 5 app.kubernetes.io/version label locations (Namespace + 2 Deployments x metadata, plus 2 Deployment pod template labels - the real k8s/base render additionally carries labels on both ConfigMaps, both Services, and both PodDisruptionBudgets, well above this floor), found 11

15/15 version checks passed
PASS: all version consistency checks passed
python3 scripts/manifest_check.py k8s/base
[PASS] namespace.exists: expected exactly one Namespace named 'maops-platform', found ['maops-platform']
[PASS] gateway.configmap.exists: expected ConfigMap 'maops-gateway-config' to exist, found ['maops-app-config', 'maops-gateway-config']
[PASS] app.configmap.exists: expected ConfigMap 'maops-app-config' to exist, found ['maops-app-config', 'maops-gateway-config']
[PASS] gateway.configmap.no_secret_like_values: ConfigMap data must be non-empty and non-secret-looking, found keys ['APP_ENVIRONMENT', 'APP_LOG_LEVEL', 'APP_MESSAGE', 'APP_NAME', 'BACKEND_HOST', 'BACKEND_PORT', 'BACKEND_TIMEOUT_SECONDS']
[PASS] gateway.configmap.namespace_matches: expected ConfigMap metadata.namespace == 'maops-platform', found 'maops-platform'
[PASS] app.configmap.no_secret_like_values: ConfigMap data must be non-empty and non-secret-looking, found keys ['APP_ENVIRONMENT', 'APP_LOG_LEVEL', 'APP_MESSAGE', 'APP_NAME']
[PASS] app.configmap.namespace_matches: expected ConfigMap metadata.namespace == 'maops-platform', found 'maops-platform'
[PASS] gateway.configmap.backend_host: expected gateway ConfigMap BACKEND_HOST == 'maops-app', found 'maops-app'
[PASS] gateway.configmap.backend_host_not_ip: expected BACKEND_HOST not to be a raw IP literal, found 'maops-app'
[PASS] gateway.configmap.backend_host_not_pod_like: expected BACKEND_HOST not to be a hardcoded Pod/ReplicaSet-style identity, found 'maops-app'
[PASS] gateway.configmap.backend_port: expected gateway ConfigMap BACKEND_PORT == '8080', found '8080'
[PASS] deployment.count: expected exactly two Deployments, found 2
[PASS] gateway.deployment.exists: expected Deployment 'maops-gateway' to exist, found ['maops-app', 'maops-gateway']
[PASS] app.deployment.exists: expected Deployment 'maops-app' to exist, found ['maops-app', 'maops-gateway']
[PASS] gateway.deployment.namespace_matches: expected Deployment metadata.namespace == 'maops-platform', found 'maops-platform'
[PASS] gateway.deployment.version_label: expected Deployment app.kubernetes.io/version == '0.3.0', found '0.3.0'
[PASS] gateway.deployment.replicas: expected replicas == 3, found 3
[PASS] gateway.deployment.strategy_type: expected strategy.type == 'RollingUpdate', found 'RollingUpdate'
[PASS] gateway.deployment.max_unavailable: expected strategy.rollingUpdate.maxUnavailable == 1, found 1
[PASS] gateway.deployment.max_surge: expected strategy.rollingUpdate.maxSurge == 1, found 1
[PASS] gateway.deployment.min_ready_seconds: expected minReadySeconds == 5, found 5
[PASS] gateway.deployment.progress_deadline_seconds: expected progressDeadlineSeconds == 120, found 120
[PASS] gateway.deployment.revision_history_limit: expected revisionHistoryLimit == 5, found 5
[PASS] gateway.pod_template.version_label: expected pod template app.kubernetes.io/version == '0.3.0', found '0.3.0'
[PASS] gateway.scheduling.control_plane_excluded: expected a required nodeAffinity term excluding 'node-role.kubernetes.io/control-plane' (operator DoesNotExist), found nodeSelectorTerms=[{'matchExpressions': [{'key': 'node-role.kubernetes.io/control-plane', 'operator': 'DoesNotExist'}]}]
[PASS] gateway.scheduling.topology_spread_present: expected at least one topologySpreadConstraints entry, found 1
[PASS] gateway.scheduling.max_skew: expected topologySpreadConstraints[0].maxSkew == 1, found 1
[PASS] gateway.scheduling.topology_key: expected topologySpreadConstraints[0].topologyKey == 'kubernetes.io/hostname', found 'kubernetes.io/hostname'
[PASS] gateway.scheduling.when_unsatisfiable: expected topologySpreadConstraints[0].whenUnsatisfiable == 'DoNotSchedule', found 'DoNotSchedule'
[PASS] gateway.scheduling.node_affinity_policy: expected topologySpreadConstraints[0].nodeAffinityPolicy == 'Honor', found 'Honor'
[PASS] gateway.scheduling.node_taints_policy: expected topologySpreadConstraints[0].nodeTaintsPolicy == 'Honor', found 'Honor'
[PASS] gateway.scheduling.topology_selector_scoped_to_own_component: expected topologySpreadConstraints[0].labelSelector.matchLabels.app.kubernetes.io/component == 'gateway', found {'app.kubernetes.io/component': 'gateway', 'app.kubernetes.io/instance': 'maops-kubernetes-platform-day3', 'app.kubernetes.io/name': 'maops-kubernetes-platform'}
[PASS] gateway.deployment.single_container: expected exactly one container, found 1
[PASS] gateway.deployment.container_name: expected container name 'maops-gateway', found 'maops-gateway'
[PASS] gateway.deployment.image: expected image 'maops-kubernetes-gateway:0.3.0', found 'maops-kubernetes-gateway:0.3.0'
[PASS] gateway.deployment.image_pull_policy: expected imagePullPolicy IfNotPresent, found 'IfNotPresent'
[PASS] gateway.probes.startup_present: expected an HTTP startupProbe, found {'failureThreshold': 15, 'httpGet': {'path': '/livez', 'port': 'http'}, 'periodSeconds': 2, 'timeoutSeconds': 1}
[PASS] gateway.probes.startup_path: expected startupProbe httpGet path /livez, found '/livez'
[PASS] gateway.probes.liveness_path: expected livenessProbe httpGet path /livez, found '/livez'
[PASS] gateway.probes.readiness_path: expected readinessProbe httpGet path /readyz, found '/readyz'
[PASS] gateway.resources.requests: expected requests {'cpu': '50m', 'memory': '32Mi'}, found {'cpu': '50m', 'memory': '32Mi'}
[PASS] gateway.resources.limits: expected limits {'cpu': '250m', 'memory': '128Mi'}, found {'cpu': '250m', 'memory': '128Mi'}
[PASS] gateway.security.pod_run_as_non_root: expected pod securityContext.runAsNonRoot == true, found True
[PASS] gateway.security.pod_run_as_user: expected pod securityContext.runAsUser == 10001, found 10001
[PASS] gateway.security.pod_run_as_group: expected pod securityContext.runAsGroup == 10001, found 10001
[PASS] gateway.security.seccomp_profile: expected seccompProfile.type == RuntimeDefault, found {'type': 'RuntimeDefault'}
[PASS] gateway.security.allow_privilege_escalation: expected allowPrivilegeEscalation == false, found False
[PASS] gateway.security.read_only_root_filesystem: expected readOnlyRootFilesystem == true, found True
[PASS] gateway.security.capabilities_drop_all: expected capabilities.drop == ['ALL'], found {'drop': ['ALL']}
[PASS] gateway.security.automount_service_account_token: expected automountServiceAccountToken == false, found False
[PASS] gateway.security.no_host_network: expected no hostNetwork, found None
[PASS] gateway.security.no_host_port: expected no hostPort on any container port, found []
[PASS] gateway.security.no_host_pid: expected no hostPID, found None
[PASS] gateway.security.no_host_ipc: expected no hostIPC, found None
[PASS] gateway.security.not_privileged: expected container securityContext.privileged != true, found None
[PASS] gateway.security.no_host_path_volumes: expected no hostPath volumes, found []
[PASS] gateway.configmap.wired_to_container: expected container to consume ConfigMap 'maops-gateway-config' via envFrom or env, found envFrom=[{'configMapRef': {'name': 'maops-gateway-config'}}] env=[]
[PASS] gateway.secret.volume_present: expected volume 'internal-auth' to reference Secret 'maops-internal-auth', found 'maops-internal-auth'
[PASS] gateway.secret.key_present: no items restriction on volume 'internal-auth' - all Secret keys (including 'internal-token') mount
[PASS] gateway.secret.mount_path: expected volumeMount 'internal-auth' mountPath == '/var/run/secrets/maops', found '/var/run/secrets/maops'
[PASS] gateway.secret.mount_read_only: expected volumeMount 'internal-auth' readOnly == true, found True
[PASS] app.deployment.namespace_matches: expected Deployment metadata.namespace == 'maops-platform', found 'maops-platform'
[PASS] app.deployment.version_label: expected Deployment app.kubernetes.io/version == '0.3.0', found '0.3.0'
[PASS] app.deployment.replicas: expected replicas == 3, found 3
[PASS] app.deployment.strategy_type: expected strategy.type == 'RollingUpdate', found 'RollingUpdate'
[PASS] app.deployment.max_unavailable: expected strategy.rollingUpdate.maxUnavailable == 1, found 1
[PASS] app.deployment.max_surge: expected strategy.rollingUpdate.maxSurge == 1, found 1
[PASS] app.deployment.min_ready_seconds: expected minReadySeconds == 5, found 5
[PASS] app.deployment.progress_deadline_seconds: expected progressDeadlineSeconds == 120, found 120
[PASS] app.deployment.revision_history_limit: expected revisionHistoryLimit == 5, found 5
[PASS] app.pod_template.version_label: expected pod template app.kubernetes.io/version == '0.3.0', found '0.3.0'
[PASS] app.scheduling.control_plane_excluded: expected a required nodeAffinity term excluding 'node-role.kubernetes.io/control-plane' (operator DoesNotExist), found nodeSelectorTerms=[{'matchExpressions': [{'key': 'node-role.kubernetes.io/control-plane', 'operator': 'DoesNotExist'}]}]
[PASS] app.scheduling.topology_spread_present: expected at least one topologySpreadConstraints entry, found 1
[PASS] app.scheduling.max_skew: expected topologySpreadConstraints[0].maxSkew == 1, found 1
[PASS] app.scheduling.topology_key: expected topologySpreadConstraints[0].topologyKey == 'kubernetes.io/hostname', found 'kubernetes.io/hostname'
[PASS] app.scheduling.when_unsatisfiable: expected topologySpreadConstraints[0].whenUnsatisfiable == 'DoNotSchedule', found 'DoNotSchedule'
[PASS] app.scheduling.node_affinity_policy: expected topologySpreadConstraints[0].nodeAffinityPolicy == 'Honor', found 'Honor'
[PASS] app.scheduling.node_taints_policy: expected topologySpreadConstraints[0].nodeTaintsPolicy == 'Honor', found 'Honor'
[PASS] app.scheduling.topology_selector_scoped_to_own_component: expected topologySpreadConstraints[0].labelSelector.matchLabels.app.kubernetes.io/component == 'app', found {'app.kubernetes.io/component': 'app', 'app.kubernetes.io/instance': 'maops-kubernetes-platform-day3', 'app.kubernetes.io/name': 'maops-kubernetes-platform'}
[PASS] app.deployment.single_container: expected exactly one container, found 1
[PASS] app.deployment.container_name: expected container name 'maops-app', found 'maops-app'
[PASS] app.deployment.image: expected image 'maops-kubernetes-app:0.3.0', found 'maops-kubernetes-app:0.3.0'
[PASS] app.deployment.image_pull_policy: expected imagePullPolicy IfNotPresent, found 'IfNotPresent'
[PASS] app.probes.startup_present: expected an HTTP startupProbe, found {'failureThreshold': 15, 'httpGet': {'path': '/livez', 'port': 'http'}, 'periodSeconds': 2, 'timeoutSeconds': 1}
[PASS] app.probes.startup_path: expected startupProbe httpGet path /livez, found '/livez'
[PASS] app.probes.liveness_path: expected livenessProbe httpGet path /livez, found '/livez'
[PASS] app.probes.readiness_path: expected readinessProbe httpGet path /readyz, found '/readyz'
[PASS] app.resources.requests: expected requests {'cpu': '50m', 'memory': '32Mi'}, found {'cpu': '50m', 'memory': '32Mi'}
[PASS] app.resources.limits: expected limits {'cpu': '250m', 'memory': '128Mi'}, found {'cpu': '250m', 'memory': '128Mi'}
[PASS] app.security.pod_run_as_non_root: expected pod securityContext.runAsNonRoot == true, found True
[PASS] app.security.pod_run_as_user: expected pod securityContext.runAsUser == 10001, found 10001
[PASS] app.security.pod_run_as_group: expected pod securityContext.runAsGroup == 10001, found 10001
[PASS] app.security.seccomp_profile: expected seccompProfile.type == RuntimeDefault, found {'type': 'RuntimeDefault'}
[PASS] app.security.allow_privilege_escalation: expected allowPrivilegeEscalation == false, found False
[PASS] app.security.read_only_root_filesystem: expected readOnlyRootFilesystem == true, found True
[PASS] app.security.capabilities_drop_all: expected capabilities.drop == ['ALL'], found {'drop': ['ALL']}
[PASS] app.security.automount_service_account_token: expected automountServiceAccountToken == false, found False
[PASS] app.security.no_host_network: expected no hostNetwork, found None
[PASS] app.security.no_host_port: expected no hostPort on any container port, found []
[PASS] app.security.no_host_pid: expected no hostPID, found None
[PASS] app.security.no_host_ipc: expected no hostIPC, found None
[PASS] app.security.not_privileged: expected container securityContext.privileged != true, found None
[PASS] app.security.no_host_path_volumes: expected no hostPath volumes, found []
[PASS] app.configmap.wired_to_container: expected container to consume ConfigMap 'maops-app-config' via envFrom or env, found envFrom=[{'configMapRef': {'name': 'maops-app-config'}}] env=[]
[PASS] app.secret.volume_present: expected volume 'internal-auth' to reference Secret 'maops-internal-auth', found 'maops-internal-auth'
[PASS] app.secret.key_present: no items restriction on volume 'internal-auth' - all Secret keys (including 'internal-token') mount
[PASS] app.secret.mount_path: expected volumeMount 'internal-auth' mountPath == '/var/run/secrets/maops', found '/var/run/secrets/maops'
[PASS] app.secret.mount_read_only: expected volumeMount 'internal-auth' readOnly == true, found True
[PASS] service.count: expected exactly two Services, found 2
[PASS] gateway.service.exists: expected Service 'maops-gateway' to exist, found ['maops-app', 'maops-gateway']
[PASS] app.service.exists: expected Service 'maops-app' to exist, found ['maops-app', 'maops-gateway']
[PASS] gateway.service.namespace_matches: expected Service metadata.namespace == 'maops-platform', found 'maops-platform'
[PASS] gateway.service.type_cluster_ip: expected Service type ClusterIP, found 'ClusterIP'
[PASS] gateway.service.selector_matches_pod_labels: expected Service selector {'app.kubernetes.io/component': 'gateway', 'app.kubernetes.io/instance': 'maops-kubernetes-platform-day3', 'app.kubernetes.io/name': 'maops-kubernetes-platform'} to be satisfied by pod labels {'app.kubernetes.io/component': 'gateway', 'app.kubernetes.io/instance': 'maops-kubernetes-platform-day3', 'app.kubernetes.io/managed-by': 'kustomize', 'app.kubernetes.io/name': 'maops-kubernetes-platform', 'app.kubernetes.io/part-of': 'maops-kubernetes-platform', 'app.kubernetes.io/version': '0.3.0'}
[PASS] gateway.service.no_node_port: expected no nodePort set on any Service port, found []
[PASS] app.service.namespace_matches: expected Service metadata.namespace == 'maops-platform', found 'maops-platform'
[PASS] app.service.type_cluster_ip: expected Service type ClusterIP, found 'ClusterIP'
[PASS] app.service.selector_matches_pod_labels: expected Service selector {'app.kubernetes.io/component': 'app', 'app.kubernetes.io/instance': 'maops-kubernetes-platform-day3', 'app.kubernetes.io/name': 'maops-kubernetes-platform'} to be satisfied by pod labels {'app.kubernetes.io/component': 'app', 'app.kubernetes.io/instance': 'maops-kubernetes-platform-day3', 'app.kubernetes.io/managed-by': 'kustomize', 'app.kubernetes.io/name': 'maops-kubernetes-platform', 'app.kubernetes.io/part-of': 'maops-kubernetes-platform', 'app.kubernetes.io/version': '0.3.0'}
[PASS] app.service.no_node_port: expected no nodePort set on any Service port, found []
[PASS] service.no_selector_collision_gateway_selects_app: gateway Service selector {'app.kubernetes.io/component': 'gateway', 'app.kubernetes.io/instance': 'maops-kubernetes-platform-day3', 'app.kubernetes.io/name': 'maops-kubernetes-platform'} must NOT be satisfied by app pod labels {'app.kubernetes.io/component': 'app', 'app.kubernetes.io/instance': 'maops-kubernetes-platform-day3', 'app.kubernetes.io/managed-by': 'kustomize', 'app.kubernetes.io/name': 'maops-kubernetes-platform', 'app.kubernetes.io/part-of': 'maops-kubernetes-platform', 'app.kubernetes.io/version': '0.3.0'}
[PASS] service.no_selector_collision_app_selects_gateway: app Service selector {'app.kubernetes.io/component': 'app', 'app.kubernetes.io/instance': 'maops-kubernetes-platform-day3', 'app.kubernetes.io/name': 'maops-kubernetes-platform'} must NOT be satisfied by gateway pod labels {'app.kubernetes.io/component': 'gateway', 'app.kubernetes.io/instance': 'maops-kubernetes-platform-day3', 'app.kubernetes.io/managed-by': 'kustomize', 'app.kubernetes.io/name': 'maops-kubernetes-platform', 'app.kubernetes.io/part-of': 'maops-kubernetes-platform', 'app.kubernetes.io/version': '0.3.0'}
[PASS] pdb.count: expected exactly two PodDisruptionBudgets, found 2
[PASS] gateway.pdb.named_correctly: expected PodDisruptionBudget 'maops-gateway-pdb' to exist, found ['maops-app-pdb', 'maops-gateway-pdb']
[PASS] app.pdb.named_correctly: expected PodDisruptionBudget 'maops-app-pdb' to exist, found ['maops-app-pdb', 'maops-gateway-pdb']
[PASS] gateway.pdb.exists: expected a PodDisruptionBudget for 'gateway' to exist, found none
[PASS] gateway.pdb.api_version: expected PodDisruptionBudget apiVersion == 'policy/v1', found 'policy/v1'
[PASS] gateway.pdb.namespace_matches: expected PodDisruptionBudget metadata.namespace == 'maops-platform', found 'maops-platform'
[PASS] gateway.pdb.min_available: expected PodDisruptionBudget spec.minAvailable == 2, found 2
[PASS] gateway.pdb.no_max_unavailable: expected PodDisruptionBudget to use minAvailable, not maxUnavailable, found spec={'minAvailable': 2, 'selector': {'matchLabels': {'app.kubernetes.io/component': 'gateway', 'app.kubernetes.io/instance': 'maops-kubernetes-platform-day3', 'app.kubernetes.io/name': 'maops-kubernetes-platform'}}}
[PASS] gateway.pdb.selector_matches_pod_labels: expected PodDisruptionBudget selector {'app.kubernetes.io/component': 'gateway', 'app.kubernetes.io/instance': 'maops-kubernetes-platform-day3', 'app.kubernetes.io/name': 'maops-kubernetes-platform'} to be satisfied by pod labels {'app.kubernetes.io/component': 'gateway', 'app.kubernetes.io/instance': 'maops-kubernetes-platform-day3', 'app.kubernetes.io/managed-by': 'kustomize', 'app.kubernetes.io/name': 'maops-kubernetes-platform', 'app.kubernetes.io/part-of': 'maops-kubernetes-platform', 'app.kubernetes.io/version': '0.3.0'}
[PASS] gateway.pdb.no_cross_workload_selector: PodDisruptionBudget selector {'app.kubernetes.io/component': 'gateway', 'app.kubernetes.io/instance': 'maops-kubernetes-platform-day3', 'app.kubernetes.io/name': 'maops-kubernetes-platform'} for 'gateway' must NOT be satisfied by the other workload's pod labels {'app.kubernetes.io/component': 'app', 'app.kubernetes.io/instance': 'maops-kubernetes-platform-day3', 'app.kubernetes.io/managed-by': 'kustomize', 'app.kubernetes.io/name': 'maops-kubernetes-platform', 'app.kubernetes.io/part-of': 'maops-kubernetes-platform', 'app.kubernetes.io/version': '0.3.0'}
[PASS] app.pdb.exists: expected a PodDisruptionBudget for 'app' to exist, found none
[PASS] app.pdb.api_version: expected PodDisruptionBudget apiVersion == 'policy/v1', found 'policy/v1'
[PASS] app.pdb.namespace_matches: expected PodDisruptionBudget metadata.namespace == 'maops-platform', found 'maops-platform'
[PASS] app.pdb.min_available: expected PodDisruptionBudget spec.minAvailable == 2, found 2
[PASS] app.pdb.no_max_unavailable: expected PodDisruptionBudget to use minAvailable, not maxUnavailable, found spec={'minAvailable': 2, 'selector': {'matchLabels': {'app.kubernetes.io/component': 'app', 'app.kubernetes.io/instance': 'maops-kubernetes-platform-day3', 'app.kubernetes.io/name': 'maops-kubernetes-platform'}}}
[PASS] app.pdb.selector_matches_pod_labels: expected PodDisruptionBudget selector {'app.kubernetes.io/component': 'app', 'app.kubernetes.io/instance': 'maops-kubernetes-platform-day3', 'app.kubernetes.io/name': 'maops-kubernetes-platform'} to be satisfied by pod labels {'app.kubernetes.io/component': 'app', 'app.kubernetes.io/instance': 'maops-kubernetes-platform-day3', 'app.kubernetes.io/managed-by': 'kustomize', 'app.kubernetes.io/name': 'maops-kubernetes-platform', 'app.kubernetes.io/part-of': 'maops-kubernetes-platform', 'app.kubernetes.io/version': '0.3.0'}
[PASS] app.pdb.no_cross_workload_selector: PodDisruptionBudget selector {'app.kubernetes.io/component': 'app', 'app.kubernetes.io/instance': 'maops-kubernetes-platform-day3', 'app.kubernetes.io/name': 'maops-kubernetes-platform'} for 'app' must NOT be satisfied by the other workload's pod labels {'app.kubernetes.io/component': 'gateway', 'app.kubernetes.io/instance': 'maops-kubernetes-platform-day3', 'app.kubernetes.io/managed-by': 'kustomize', 'app.kubernetes.io/name': 'maops-kubernetes-platform', 'app.kubernetes.io/part-of': 'maops-kubernetes-platform', 'app.kubernetes.io/version': '0.3.0'}
[PASS] scope.no_forbidden_resources: expected none of ['ClusterRole', 'ClusterRoleBinding', 'HorizontalPodAutoscaler', 'Ingress', 'NetworkPolicy', 'PersistentVolumeClaim', 'Role', 'RoleBinding', 'Secret', 'ServiceAccount', 'StatefulSet'] present, found []

139/139 checks passed
PASS: all static manifest checks passed
docker build -t maops-kubernetes-gateway:0.3.0 -f gateway/Dockerfile gateway/
#0 building with "default" instance using docker driver

#1 [internal] load build definition from Dockerfile
#1 transferring dockerfile: 1.00kB done
#1 DONE 0.0s

#2 resolve image config for docker-image://docker.io/docker/dockerfile:1
#2 DONE 2.6s

#3 docker-image://docker.io/docker/dockerfile:1@sha256:ecfaec9ed6d810b56388c508f4121597bfbba70d41a6dfeee4d8cad5f295fc32
#3 resolve docker.io/docker/dockerfile:1@sha256:ecfaec9ed6d810b56388c508f4121597bfbba70d41a6dfeee4d8cad5f295fc32
#3 resolve docker.io/docker/dockerfile:1@sha256:ecfaec9ed6d810b56388c508f4121597bfbba70d41a6dfeee4d8cad5f295fc32 0.1s done
#3 DONE 0.2s

#3 docker-image://docker.io/docker/dockerfile:1@sha256:ecfaec9ed6d810b56388c508f4121597bfbba70d41a6dfeee4d8cad5f295fc32
#3 CACHED

#4 [internal] load metadata for gcr.io/distroless/python3-debian12@sha256:7d1042ce588ab97019fe95c24ffca7bc5a82ccdac572511d5e09bda4435c89c5
#4 DONE 2.8s

#5 [internal] load .dockerignore
#5 transferring context:
#5 transferring context: 2B done
#5 DONE 1.0s

#6 [internal] load build context
#6 transferring context: 31B done
#6 DONE 0.0s

#7 [1/3] FROM gcr.io/distroless/python3-debian12@sha256:7d1042ce588ab97019fe95c24ffca7bc5a82ccdac572511d5e09bda4435c89c5
#7 resolve gcr.io/distroless/python3-debian12@sha256:7d1042ce588ab97019fe95c24ffca7bc5a82ccdac572511d5e09bda4435c89c5 0.1s done
#7 DONE 0.1s

#8 [2/3] WORKDIR /app
#8 CACHED

#9 [3/3] COPY server.py /app/server.py
#9 CACHED

#10 exporting to image
#10 exporting layers 0.1s done
#10 exporting manifest sha256:6ef07e4ae5d9291531a1f61636e5193a7f784191ff776d132f1ab316a218d588 done
#10 exporting config sha256:85b26ff2ead52b0959e08c9998adb8055cc6f532155ac8801d1b8edd602f8e68 done
#10 exporting attestation manifest sha256:dc94fb87081139330974715c6c81f8071fbd95ae8393d3ea26ed060122f878e4 0.0s done
#10 exporting manifest list sha256:205e9d288b9de36af7772c2b0adcda6659bb47c81df790f5d757b7dcad797bf3 0.0s done
#10 naming to docker.io/library/maops-kubernetes-gateway:0.3.0
#10 naming to docker.io/library/maops-kubernetes-gateway:0.3.0 0.0s done
#10 unpacking to docker.io/library/maops-kubernetes-gateway:0.3.0
#10 unpacking to docker.io/library/maops-kubernetes-gateway:0.3.0 0.2s done
#10 DONE 0.8s
docker build -t maops-kubernetes-app:0.3.0 -f app/Dockerfile app/
#0 building with "default" instance using docker driver

#1 [internal] load build definition from Dockerfile
#1 transferring dockerfile: 1.00kB 0.1s done
#1 DONE 0.1s

#2 resolve image config for docker-image://docker.io/docker/dockerfile:1
#2 DONE 0.9s

#3 docker-image://docker.io/docker/dockerfile:1@sha256:ecfaec9ed6d810b56388c508f4121597bfbba70d41a6dfeee4d8cad5f295fc32
#3 resolve docker.io/docker/dockerfile:1@sha256:ecfaec9ed6d810b56388c508f4121597bfbba70d41a6dfeee4d8cad5f295fc32
#3 resolve docker.io/docker/dockerfile:1@sha256:ecfaec9ed6d810b56388c508f4121597bfbba70d41a6dfeee4d8cad5f295fc32 0.3s done
#3 DONE 0.4s

#3 docker-image://docker.io/docker/dockerfile:1@sha256:ecfaec9ed6d810b56388c508f4121597bfbba70d41a6dfeee4d8cad5f295fc32
#3 CACHED

#4 [internal] load metadata for gcr.io/distroless/python3-debian12@sha256:7d1042ce588ab97019fe95c24ffca7bc5a82ccdac572511d5e09bda4435c89c5
#4 DONE 0.1s

#5 [internal] load .dockerignore
#5 transferring context: 2B 0.0s done
#5 DONE 0.1s

#6 [internal] load build context
#6 DONE 0.0s

#7 [1/3] FROM gcr.io/distroless/python3-debian12@sha256:7d1042ce588ab97019fe95c24ffca7bc5a82ccdac572511d5e09bda4435c89c5
#7 resolve gcr.io/distroless/python3-debian12@sha256:7d1042ce588ab97019fe95c24ffca7bc5a82ccdac572511d5e09bda4435c89c5 0.2s done
#7 DONE 0.2s

#6 [internal] load build context
#6 transferring context: 31B 0.0s done
#6 DONE 0.1s

#8 [2/3] WORKDIR /app
#8 CACHED

#9 [3/3] COPY server.py /app/server.py
#9 CACHED

#10 exporting to image
#10 exporting layers
#10 exporting layers 0.4s done
#10 exporting manifest sha256:04f1c8fba5007825f5438ed8acafdcdf6e1ee4890a52c0e928958225499cb977 0.0s done
#10 exporting config sha256:0cb452b9aaa0311d27b718af08f396a694df0535731542f299a7d38cf0cb8d4e 0.0s done
#10 exporting attestation manifest sha256:13fa57e080dfbc2e19254e8e0a24efd0ec556056d295de25257501e428145243
#10 exporting attestation manifest sha256:13fa57e080dfbc2e19254e8e0a24efd0ec556056d295de25257501e428145243 0.2s done
#10 exporting manifest list sha256:6400b9c4ff0ea6d103e14598d31f4a2ba99cb1160cc9c74759830c4f034fbb42
#10 exporting manifest list sha256:6400b9c4ff0ea6d103e14598d31f4a2ba99cb1160cc9c74759830c4f034fbb42 0.1s done
#10 naming to docker.io/library/maops-kubernetes-app:0.3.0 0.0s done
#10 unpacking to docker.io/library/maops-kubernetes-app:0.3.0
#10 unpacking to docker.io/library/maops-kubernetes-app:0.3.0 0.3s done
#10 DONE 1.7s
kind cluster maops-k8s-day3 already exists, skipping create
kubectl --context kind-maops-k8s-day3 get nodes
NAME                           STATUS   ROLES           AGE    VERSION
maops-k8s-day3-control-plane   Ready    control-plane   4h9m   v1.36.1
maops-k8s-day3-worker          Ready    <none>          4h8m   v1.36.1
maops-k8s-day3-worker2         Ready    <none>          4h8m   v1.36.1
python3 scripts/context_check.py
# Day 3 context/topology/node-version verification (expected context: kind-maops-k8s-day3)
[PASS] context 'kind-maops-k8s-day3' verified against live cluster node identity
[PASS] cluster has 3 node(s) (expected 3)
[PASS] 3/3 nodes Ready
[PASS] exactly one control-plane node found: ['maops-k8s-day3-control-plane']
[PASS] exactly 2 worker node(s) found: ['maops-k8s-day3-worker', 'maops-k8s-day3-worker2']
[PASS] server version v1.36.1 (expected v1.36.1)

6/6 context checks passed
PASS: Day 3 context, topology, and node version verified
kubectl --context kind-maops-k8s-day3 apply -f k8s/base/namespace.yaml
namespace/maops-platform unchanged
python3 scripts/secret_bootstrap.py
# Secret bootstrap: maops-internal-auth in namespace maops-platform (context kind-maops-k8s-day3)
Secret 'maops-internal-auth' already exists - preserving it (no rotation).
[PASS] Secret 'maops-internal-auth' key 'internal-token' present and non-empty (43 bytes)
PASS: secret bootstrap verified existing Secret
kind load docker-image maops-kubernetes-gateway:0.3.0 --name maops-k8s-day3
Image: "maops-kubernetes-gateway:0.3.0" with ID "sha256:205e9d288b9de36af7772c2b0adcda6659bb47c81df790f5d757b7dcad797bf3" not yet present on node "maops-k8s-day3-control-plane", loading...
Image: "maops-kubernetes-gateway:0.3.0" with ID "sha256:205e9d288b9de36af7772c2b0adcda6659bb47c81df790f5d757b7dcad797bf3" not yet present on node "maops-k8s-day3-worker", loading...
Image: "maops-kubernetes-gateway:0.3.0" with ID "sha256:205e9d288b9de36af7772c2b0adcda6659bb47c81df790f5d757b7dcad797bf3" not yet present on node "maops-k8s-day3-worker2", loading...
kind load docker-image maops-kubernetes-app:0.3.0 --name maops-k8s-day3
Image: "maops-kubernetes-app:0.3.0" with ID "sha256:6400b9c4ff0ea6d103e14598d31f4a2ba99cb1160cc9c74759830c4f034fbb42" not yet present on node "maops-k8s-day3-control-plane", loading...
Image: "maops-kubernetes-app:0.3.0" with ID "sha256:6400b9c4ff0ea6d103e14598d31f4a2ba99cb1160cc9c74759830c4f034fbb42" not yet present on node "maops-k8s-day3-worker", loading...
Image: "maops-kubernetes-app:0.3.0" with ID "sha256:6400b9c4ff0ea6d103e14598d31f4a2ba99cb1160cc9c74759830c4f034fbb42" not yet present on node "maops-k8s-day3-worker2", loading...
kubectl --context kind-maops-k8s-day3 apply -k k8s/base
namespace/maops-platform unchanged
configmap/maops-app-config unchanged
configmap/maops-gateway-config unchanged
service/maops-app unchanged
service/maops-gateway unchanged
deployment.apps/maops-app configured
deployment.apps/maops-gateway configured
poddisruptionbudget.policy/maops-app-pdb configured
poddisruptionbudget.policy/maops-gateway-pdb configured
python3 scripts/cluster_check.py
# Real Day 3 cluster validation against context kind-maops-k8s-day3
[PASS] cluster has 3 node(s) (expected 3: 1 control-plane + 2 workers), 3 Ready
[PASS] server version v1.36.1 (expected v1.36.1)
[PASS] namespace maops-platform exists
[PASS] Deployment maops-gateway reached Available=True
[PASS] maops-gateway desired replicas == 3 (expected 3)
[PASS] maops-gateway ready replicas == 3 (expected 3)
[PASS] gateway: 3/3 pods Ready (expected 3/3)
[PASS] gateway Service type == ClusterIP (expected ClusterIP)
[PASS] gateway EndpointSlice has 3 ready endpoint(s) (expected 3)
[PASS] gateway ConfigMap maops-gateway-config APP_ENVIRONMENT consumed by live pod maops-gateway-6776579fd6-477qc: process env == ConfigMap data ('day3-scaling-rollouts-availability')
[PASS] gateway live process UID/GID in pod maops-gateway-6776579fd6-477qc == '10001 10001' (expected '10001 10001')
[PASS] gateway live pod readOnlyRootFilesystem == True
[PASS] gateway live pod allowPrivilegeEscalation == False
[PASS] gateway live pod capabilities.drop == ['ALL']
[PASS] gateway live pod seccompProfile == {'type': 'RuntimeDefault'}
[PASS] gateway live pod automountServiceAccountToken == False, no ServiceAccount token volumeMount present (found [])
[PASS] gateway live pod volume 'internal-auth' references Secret 'maops-internal-auth' (expected 'maops-internal-auth')
[PASS] gateway live pod volumeMount 'internal-auth' -> mountPath='/var/run/secrets/maops' readOnly=True (expected /var/run/secrets/maops, readOnly=true)
[PASS] Deployment maops-app reached Available=True
[PASS] maops-app desired replicas == 3 (expected 3)
[PASS] maops-app ready replicas == 3 (expected 3)
[PASS] app: 3/3 pods Ready (expected 3/3)
[PASS] app Service type == ClusterIP (expected ClusterIP)
[PASS] app EndpointSlice has 3 ready endpoint(s) (expected 3)
[PASS] app ConfigMap maops-app-config APP_ENVIRONMENT consumed by live pod maops-app-7bcfdbc6b4-fxf45: process env == ConfigMap data ('day3-scaling-rollouts-availability')
[PASS] app live process UID/GID in pod maops-app-7bcfdbc6b4-fxf45 == '10001 10001' (expected '10001 10001')
[PASS] app live pod readOnlyRootFilesystem == True
[PASS] app live pod allowPrivilegeEscalation == False
[PASS] app live pod capabilities.drop == ['ALL']
[PASS] app live pod seccompProfile == {'type': 'RuntimeDefault'}
[PASS] app live pod automountServiceAccountToken == False, no ServiceAccount token volumeMount present (found [])
[PASS] app live pod volume 'internal-auth' references Secret 'maops-internal-auth' (expected 'maops-internal-auth')
[PASS] app live pod volumeMount 'internal-auth' -> mountPath='/var/run/secrets/maops' readOnly=True (expected /var/run/secrets/maops, readOnly=true)

33/33 real cluster checks passed
PASS: all real cluster checks passed
python3 scripts/scheduling_check.py
# Real Day 3 scheduling/topology validation against context kind-maops-k8s-day3
[PASS] cluster has 3 node(s) (expected 3)
[PASS] 3/3 nodes Ready
[PASS] exactly one control-plane node found: ['maops-k8s-day3-control-plane']
[PASS] exactly 2 worker node(s) found: ['maops-k8s-day3-worker', 'maops-k8s-day3-worker2']
[PASS] gateway: 3/3 Pods Ready (expected 3/3)
[PASS] gateway: zero Pods scheduled on the control-plane node (found on: [])
[PASS] gateway: both worker nodes host at least one Pod: {'maops-k8s-day3-worker': 1, 'maops-k8s-day3-worker2': 2}
[PASS] gateway: worker replica-count skew == 1 (expected <= 1), distribution {'maops-k8s-day3-worker': 1, 'maops-k8s-day3-worker2': 2}
[PASS] app: 3/3 Pods Ready (expected 3/3)
[PASS] app: zero Pods scheduled on the control-plane node (found on: [])
[PASS] app: both worker nodes host at least one Pod: {'maops-k8s-day3-worker': 2, 'maops-k8s-day3-worker2': 1}
[PASS] app: worker replica-count skew == 1 (expected <= 1), distribution {'maops-k8s-day3-worker': 2, 'maops-k8s-day3-worker2': 1}

12/12 scheduling checks passed
PASS: worker-only scheduling and topology spread proven for both workloads
python3 scripts/discovery_check.py
# Real service discovery / DNS proof
[PASS] DNS resolution: 'maops-app' resolved to 1 address(es) via socket.getaddrinfo() from live gateway pod maops-gateway-6776579fd6-477qc (no specific IP required)
[PASS] gateway -> maops-app real HTTP via Service: /backend: HTTP 200, body={"gateway_hostname": "maops-gateway-6776579fd6-477qc", "backend_service": "maops-kubernetes-app", "backend_hostname": "maops-app-7bcfdbc6b4-fxf45", "backend_environment": "day3-scaling-rollouts-availability"}

2/2 discovery checks passed
PASS: real DNS resolution and Service HTTP both proven
python3 scripts/secret_check.py
# Real Secret behavior / non-disclosure validation
[PASS] Secret 'maops-internal-auth' key 'internal-token' present and non-empty (43 bytes)
[PASS] gateway pod mounts Secret 'maops-internal-auth' via volume 'internal-auth' (expected 'maops-internal-auth')
[PASS] gateway pod mount is read-only at '/var/run/secrets/maops' (readOnly=True)
[PASS] app pod mounts Secret 'maops-internal-auth' via volume 'internal-auth' (expected 'maops-internal-auth')
[PASS] app pod mount is read-only at '/var/run/secrets/maops' (readOnly=True)
[PASS] gateway pod maops-gateway-6776579fd6-477qc can read the mounted Secret file (length 43 bytes, never displayed)
[PASS] app pod maops-app-7bcfdbc6b4-fxf45 can read the mounted Secret file (length 43 bytes, never displayed)
[PASS] gateway (via Service, non-disclosure scanned): /: HTTP 200, body={"service": "maops-kubernetes-gateway", "message": "Hello from the MAOps Kubernetes Gateway (Day 3)", "hostname": "maops-gateway-6776579fd6-477qc", "uptime_seconds": 177.273}
[PASS] gateway (via Service, non-disclosure scanned): /livez: HTTP 200, body={"status": "alive"}
[PASS] gateway (via Service, non-disclosure scanned): /readyz: HTTP 200, body={"status": "ready", "backend": "ready"}
[PASS] gateway (via Service, non-disclosure scanned): /config: HTTP 200, body={"APP_ENVIRONMENT": "day3-scaling-rollouts-availability", "APP_LOG_LEVEL": "info", "APP_MESSAGE": "Hello from the MAOps Kubernetes Gateway (Day 3)", "APP_NAME": "maops-kubernetes-gateway", "BACKEND_HOST": "maops-app", "BACKEND_PORT": "8080", "BACKEND_TIMEOUT_SECONDS": "3"}
[PASS] gateway (via Service, non-disclosure scanned): /backend: HTTP 200, body={"gateway_hostname": "maops-gateway-6776579fd6-477qc", "backend_service": "maops-kubernetes-app", "backend_hostname": "maops-app-7bcfdbc6b4-v572s", "backend_environment": "day3-scaling-rollouts-availability"}
[PASS] app (direct, non-disclosure scanned): /: HTTP 200, body={"service": "maops-kubernetes-app", "message": "Hello from the MAOps Kubernetes App (Day 3)", "hostname": "maops-app-7bcfdbc6b4-fxf45", "uptime_seconds": 178.445}
[PASS] app (direct, non-disclosure scanned): /livez: HTTP 200, body={"status": "alive"}
[PASS] app (direct, non-disclosure scanned): /readyz: HTTP 200, body={"status": "ready"}
[PASS] app (direct, non-disclosure scanned): /config: HTTP 200, body={"APP_ENVIRONMENT": "day3-scaling-rollouts-availability", "APP_LOG_LEVEL": "info", "APP_MESSAGE": "Hello from the MAOps Kubernetes App (Day 3)", "APP_NAME": "maops-kubernetes-app"}
[PASS] app /internal/info with no token -> HTTP 403 (expected exactly 403)
[PASS] app 403 (no token) response body does not leak the token
[PASS] app /internal/info with wrong token -> HTTP 403 (expected exactly 403)
[PASS] app 403 (wrong token) response body does not leak the token
[PASS] app /internal/info with correct token -> HTTP 200 (expected 200)
[PASS] app 200 response body does not leak the token
[PASS] gateway pod maops-gateway-6776579fd6-477qc logs do not contain the secret value
[PASS] gateway pod maops-gateway-6776579fd6-lxv9r logs do not contain the secret value
[PASS] gateway pod maops-gateway-6776579fd6-t24xh logs do not contain the secret value
[PASS] app pod maops-app-7bcfdbc6b4-fxf45 logs do not contain the secret value
[PASS] app pod maops-app-7bcfdbc6b4-jnpkb logs do not contain the secret value
[PASS] app pod maops-app-7bcfdbc6b4-v572s logs do not contain the secret value
[PASS] no tracked repository file (83 checked) contains the live secret value

29/29 secret checks passed
PASS: all secret behavior/non-disclosure checks passed
python3 scripts/smoke.py
# HTTP smoke test via port-forward to service/maops-gateway in maops-platform
port-forward established on 127.0.0.1:41217 -> service/maops-gateway:8080
[PASS] /: HTTP 200, body={"service": "maops-kubernetes-gateway", "message": "Hello from the MAOps Kubernetes Gateway (Day 3)", "hostname": "maops-gateway-6776579fd6-477qc", "uptime_seconds": 179.511}
[PASS] /livez: HTTP 200, body={"status": "alive"}
[PASS] /readyz: HTTP 200, body={"status": "ready", "backend": "ready"}
[PASS] /config: HTTP 200, body={"APP_ENVIRONMENT": "day3-scaling-rollouts-availability", "APP_LOG_LEVEL": "info", "APP_MESSAGE": "Hello from the MAOps Kubernetes Gateway (Day 3)", "APP_NAME": "maops-kubernetes-gateway", "BACKEND_HOST": "maops-app", "BACKEND_PORT": "8080", "BACKEND_TIMEOUT_SECONDS": "3"}
[PASS] /backend: HTTP 200, body={"gateway_hostname": "maops-gateway-6776579fd6-477qc", "backend_service": "maops-kubernetes-app", "backend_hostname": "maops-app-7bcfdbc6b4-jnpkb", "backend_environment": "day3-scaling-rollouts-availability"}

5/5 smoke checks passed
PASS: all smoke checks passed (gateway /backend proved real maops-app data end-to-end)
python3 scripts/dependency_check.py
# Real dependency-failure behavior proof (gateway liveness vs. dependency-aware readiness)
[PASS] starting state: gateway 3/3 Ready
[PASS] starting state: app 3/3 Ready
[PASS] maops-app scaled to 0 replicas, EndpointSlice drained, and all app Pods fully terminated (maops-gateway replicas untouched)
[PASS] gateway /livez during app outage: /livez: HTTP 200, body={"status": "alive"}
[PASS] gateway /readyz during app outage -> HTTP 503 (expected 503)
[PASS] gateway /backend during app outage -> HTTP 503, body is the exact safe unavailable literal, no traceback, no token
[PASS] gateway restart counts remained unchanged during the dependency outage observation window: before={'maops-gateway-6776579fd6-477qc': 0, 'maops-gateway-6776579fd6-lxv9r': 0, 'maops-gateway-6776579fd6-t24xh': 0} after={'maops-gateway-6776579fd6-477qc': 0, 'maops-gateway-6776579fd6-lxv9r': 0, 'maops-gateway-6776579fd6-t24xh': 0}
[PASS] RESTORATION: maops-app restored to 3/3 Ready
[PASS] RESTORATION: maops-gateway recovered to 3/3 Ready
[PASS] RESTORATION: post-recovery gateway /readyz: /readyz: HTTP 200, body={"status": "ready", "backend": "ready"}
[PASS] RESTORATION: post-recovery gateway /backend: /backend: HTTP 200, body={"gateway_hostname": "maops-gateway-6776579fd6-lxv9r", "backend_service": "maops-kubernetes-app", "backend_hostname": "maops-app-7bcfdbc6b4-8c2dm", "backend_environment": "day3-scaling-rollouts-availability"}

11/11 dependency-failure checks passed
PASS: dependency-failure behavior proven and maops-app restored to 3/3 Ready
python3 scripts/scaling_check.py
# Real Day 3 scaling validation (3 -> 4 -> 3) against context kind-maops-k8s-day3
## Scaling experiment: gateway (maops-gateway)
[PASS] gateway baseline: maops-gateway desired/Ready == 3
[PASS] gateway baseline: 3/3 Pods Ready
[PASS] gateway baseline: EndpointSlice has 3 ready endpoint(s)
[PASS] gateway scale-up: maops-gateway desired==4 Ready==4 (expected 4/4)
[PASS] gateway scale-up: 4/4 Pods Ready
[PASS] gateway scale-up: EndpointSlice shows 4 unique ready endpoints
[PASS] gateway Service HTTP functional check: /livez: HTTP 200, body={"status": "alive"}
[PASS] RESTORATION: gateway: maops-gateway restored to desired==3 Ready==3
[PASS] RESTORATION: gateway: 3/3 Pods Ready after restore
[PASS] RESTORATION: gateway: EndpointSlice returned to 3 ready endpoint(s)
## Scaling experiment: app (maops-app)
[PASS] app baseline: maops-app desired/Ready == 3
[PASS] app baseline: 3/3 Pods Ready
[PASS] app baseline: EndpointSlice has 3 ready endpoint(s)
[PASS] app scale-up: maops-app desired==4 Ready==4 (expected 4/4)
[PASS] app scale-up: 4/4 Pods Ready
[PASS] app scale-up: EndpointSlice shows 4 unique ready endpoints
[PASS] gateway -> app /backend functional check: /backend: HTTP 200, body={"gateway_hostname": "maops-gateway-6776579fd6-lxv9r", "backend_service": "maops-kubernetes-app", "backend_hostname": "maops-app-7bcfdbc6b4-579d7", "backend_environment": "day3-scaling-rollouts-availability"}
[PASS] RESTORATION: app: maops-app restored to desired==3 Ready==3
[PASS] RESTORATION: app: 3/3 Pods Ready after restore
[PASS] RESTORATION: app: EndpointSlice returned to 3 ready endpoint(s)

20/20 scaling checks passed
PASS: scaling behavior proven (3 -> 4 -> 3) for both workloads
python3 scripts/rollout_check.py
# Real Day 3 rolling-update + rollback validation against context kind-maops-k8s-day3
## Rolling-update experiment: gateway (maops-gateway)
[PASS] gateway baseline: maops-gateway 3/3 Ready
[PASS] gateway baseline: captured 3 Pod UID(s) and 6 ReplicaSet identity(ies)
[PASS] gateway: new ReplicaSet identity(ies) appeared: {'3cd8e10f-8f5c-443f-9ea3-4cad1b8accab'}
[PASS] gateway: kubectl rollout status reported success: 'Waiting for deployment "maops-gateway" rollout to finish: 2 out of 3 new replicas have been updated...\nWaiting for deployment "maops-gateway" rollout to finish: 2 out of 3 new replicas have been updated...\nWaiting for deployment "maops-gateway" rollout to finish: 2 out of 3 new replicas have been updated...\nWaiting for deployment "maops-gateway" rollout to finish: 2 out of 3 new replicas have been updated...\nWaiting for deployment "maops-gateway" rollout to finish: 2 out of 3 new replicas have been updated...\nWaiting for deployment "maops-gateway" rollout to finish: 2 of 3 updated replicas are available...\nWaiting for deployment "maops-gateway" rollout to finish: 2 of 3 updated replicas are available...\ndeployment "maops-gateway" successfully rolled out'
[PASS] gateway post-rollout: maops-gateway 3/3 Ready
[PASS] gateway: Pods were actually replaced (baseline UIDs {'49c0760d-26dd-4bf3-9f1b-bc56c9f6f7d6', 'a498cdcf-bac9-4f71-be71-9303e972aeb6', '7d98d83d-50f6-4573-89cd-046a3c179d68'} -> new UIDs {'c872affd-a2a4-4b90-b27e-b5a74675d1e1', 'e390a421-1a5a-4d50-b0d0-2482a74181ae', '1efaa8ac-13c3-416d-b5e8-ee529714d664'})
[PASS] gateway post-rollout: EndpointSlice has 3 ready endpoint(s)
[PASS] gateway: Service sampled 21/21 times successfully in-flight (from the rollout mutation to rollout-status completion, bounded polling at 1.0s intervals) - this records actual observed availability, not an assumption of zero downtime
[PASS] gateway: at least one successful Service sample was confirmed while the live Pod set had already diverged from the pre-rollout baseline (genuine in-flight proof, not merely post-rollout)
[PASS] RESTORATION: gateway: kubectl rollout undo deployment/maops-gateway -> 'deployment.apps/maops-gateway rolled back'
[PASS] RESTORATION: gateway: rollback rollout status reported success: 'Waiting for deployment "maops-gateway" rollout to finish: 1 out of 3 new replicas have been updated...\nWaiting for deployment "maops-gateway" rollout to finish: 1 out of 3 new replicas have been updated...\nWaiting for deployment "maops-gateway" rollout to finish: 2 out of 3 new replicas have been updated...\nWaiting for deployment "maops-gateway" rollout to finish: 2 out of 3 new replicas have been updated...\nWaiting for deployment "maops-gateway" rollout to finish: 2 out of 3 new replicas have been updated...\nWaiting for deployment "maops-gateway" rollout to finish: 2 out of 3 new replicas have been updated...\nWaiting for deployment "maops-gateway" rollout to finish: 2 out of 3 new replicas have been updated...\nWaiting for deployment "maops-gateway" rollout to finish: 1 old replicas are pending termination...\nWaiting for deployment "maops-gateway" rollout to finish: 1 old replicas are pending termination...\nWaiting for deployment "maops-gateway" rollout to finish: 1 old replicas are pending termination...\nWaiting for deployment "maops-gateway" rollout to finish: 2 of 3 updated replicas are available...\nWaiting for deployment "maops-gateway" rollout to finish: 2 of 3 updated replicas are available...\ndeployment "maops-gateway" successfully rolled out'
[PASS] RESTORATION: gateway: maops-gateway back to 3/3 Ready after rollback
[PASS] RESTORATION: gateway: Deployment Available condition True after rollback
[PASS] RESTORATION: gateway: temporary rollout-test annotation absent after rollback (found None)
[PASS] RESTORATION: gateway: live image after rollback == 'maops-kubernetes-gateway:0.3.0' (matches pre-experiment baseline 'maops-kubernetes-gateway:0.3.0')
[PASS] RESTORATION: gateway: exactly 3 Pods present after rollback
[PASS] RESTORATION: gateway: rollback produced a replacement set of Pods (pre-rollback UIDs {'c872affd-a2a4-4b90-b27e-b5a74675d1e1', 'e390a421-1a5a-4d50-b0d0-2482a74181ae', '1efaa8ac-13c3-416d-b5e8-ee529714d664'} -> post-rollback UIDs {'e386b4e9-6413-4800-b6fc-e5076c597c6c', 'f317030a-a39c-482b-906a-a8783ec21f38', '5987cf10-a159-46a4-84c6-64ef9b2f2ba7'})
[PASS] RESTORATION: gateway: EndpointSlice back to 3 ready endpoint(s) after rollback
[PASS] RESTORATION: gateway: post-rollback Service functional check: /livez: HTTP 200, body={"status": "alive"}
## Rolling-update experiment: app (maops-app)
[PASS] app baseline: maops-app 3/3 Ready
[PASS] app baseline: captured 3 Pod UID(s) and 6 ReplicaSet identity(ies)
[PASS] app: new ReplicaSet identity(ies) appeared: {'79f2e8e8-d9c3-4bfc-a68a-324e067f1203'}
[PASS] app: kubectl rollout status reported success: 'Waiting for deployment "maops-app" rollout to finish: 2 out of 3 new replicas have been updated...\nWaiting for deployment "maops-app" rollout to finish: 2 out of 3 new replicas have been updated...\nWaiting for deployment "maops-app" rollout to finish: 2 out of 3 new replicas have been updated...\nWaiting for deployment "maops-app" rollout to finish: 2 out of 3 new replicas have been updated...\nWaiting for deployment "maops-app" rollout to finish: 2 out of 3 new replicas have been updated...\nWaiting for deployment "maops-app" rollout to finish: 2 out of 3 new replicas have been updated...\nWaiting for deployment "maops-app" rollout to finish: 1 old replicas are pending termination...\nWaiting for deployment "maops-app" rollout to finish: 1 old replicas are pending termination...\nWaiting for deployment "maops-app" rollout to finish: 1 old replicas are pending termination...\nWaiting for deployment "maops-app" rollout to finish: 2 of 3 updated replicas are available...\nWaiting for deployment "maops-app" rollout to finish: 2 of 3 updated replicas are available...\ndeployment "maops-app" successfully rolled out'
[PASS] app post-rollout: maops-app 3/3 Ready
[PASS] app: Pods were actually replaced (baseline UIDs {'91a39d32-e7c6-4976-8554-704bf7f30977', '01efd23c-9bd0-4aa1-9e9a-57d21c9367e0', 'b3a53fa4-a920-40d2-a871-3e0ee0faae59'} -> new UIDs {'b54db82c-7b6f-44f4-ab81-e8b87a8506d3', '17a5b805-7b2c-4a7e-b459-940f57f93f5e', 'b539a882-a1af-43f8-bce8-9e745701122b'})
[PASS] app post-rollout: EndpointSlice has 3 ready endpoint(s)
[PASS] app: Service sampled 22/22 times successfully in-flight (from the rollout mutation to rollout-status completion, bounded polling at 1.0s intervals) - this records actual observed availability, not an assumption of zero downtime
[PASS] app: at least one successful Service sample was confirmed while the live Pod set had already diverged from the pre-rollout baseline (genuine in-flight proof, not merely post-rollout)
[PASS] RESTORATION: app: kubectl rollout undo deployment/maops-app -> 'deployment.apps/maops-app rolled back'
[PASS] RESTORATION: app: rollback rollout status reported success: 'Waiting for deployment "maops-app" rollout to finish: 0 out of 3 new replicas have been updated...\nWaiting for deployment "maops-app" rollout to finish: 0 out of 3 new replicas have been updated...\nWaiting for deployment "maops-app" rollout to finish: 0 out of 3 new replicas have been updated...\nWaiting for deployment "maops-app" rollout to finish: 1 out of 3 new replicas have been updated...\nWaiting for deployment "maops-app" rollout to finish: 2 out of 3 new replicas have been updated...\nWaiting for deployment "maops-app" rollout to finish: 2 out of 3 new replicas have been updated...\nWaiting for deployment "maops-app" rollout to finish: 2 out of 3 new replicas have been updated...\nWaiting for deployment "maops-app" rollout to finish: 2 out of 3 new replicas have been updated...\nWaiting for deployment "maops-app" rollout to finish: 2 out of 3 new replicas have been updated...\nWaiting for deployment "maops-app" rollout to finish: 2 out of 3 new replicas have been updated...\nWaiting for deployment "maops-app" rollout to finish: 2 out of 3 new replicas have been updated...\nWaiting for deployment "maops-app" rollout to finish: 1 old replicas are pending termination...\nWaiting for deployment "maops-app" rollout to finish: 1 old replicas are pending termination...\nWaiting for deployment "maops-app" rollout to finish: 1 old replicas are pending termination...\nWaiting for deployment "maops-app" rollout to finish: 2 of 3 updated replicas are available...\nWaiting for deployment "maops-app" rollout to finish: 2 of 3 updated replicas are available...\ndeployment "maops-app" successfully rolled out'
[PASS] RESTORATION: app: maops-app back to 3/3 Ready after rollback
[PASS] RESTORATION: app: Deployment Available condition True after rollback
[PASS] RESTORATION: app: temporary rollout-test annotation absent after rollback (found None)
[PASS] RESTORATION: app: live image after rollback == 'maops-kubernetes-app:0.3.0' (matches pre-experiment baseline 'maops-kubernetes-app:0.3.0')
[PASS] RESTORATION: app: exactly 3 Pods present after rollback
[PASS] RESTORATION: app: rollback produced a replacement set of Pods (pre-rollback UIDs {'b54db82c-7b6f-44f4-ab81-e8b87a8506d3', '17a5b805-7b2c-4a7e-b459-940f57f93f5e', 'b539a882-a1af-43f8-bce8-9e745701122b'} -> post-rollback UIDs {'a7aebf3e-536c-4099-8282-442bf1486de7', '6b099a9b-5889-4d16-8474-00fd2619c9b4', '08521f0e-8d93-472c-8fa5-cbab5385f222'})
[PASS] RESTORATION: app: EndpointSlice back to 3 ready endpoint(s) after rollback
[PASS] RESTORATION: app: post-rollback Service functional check: /backend: HTTP 200, body={"gateway_hostname": "maops-gateway-6776579fd6-qflpb", "backend_service": "maops-kubernetes-app", "backend_hostname": "maops-app-7bcfdbc6b4-kqwxg", "backend_environment": "day3-scaling-rollouts-availability"}

38/38 rollout/rollback checks passed
PASS: rolling update and rollback behavior proven for both workloads
python3 scripts/pdb_check.py
# Real Day 3 PodDisruptionBudget/Eviction behavior validation against context kind-maops-k8s-day3
## PDB experiment: gateway (maops-gateway-pdb)
[PASS] gateway baseline: maops-gateway 3/3 Ready
[PASS] gateway baseline PDB maops-gateway-pdb: currentHealthy=3 desiredHealthy=2 disruptionsAllowed=1
[PASS] gateway: maops-gateway scaled down to 2/2 Ready (PDB does NOT block ordinary Deployment scaling)
[PASS] gateway disrupted PDB maops-gateway-pdb: currentHealthy=2 desiredHealthy=2 disruptionsAllowed=0
selected Pod for Eviction-API attempt: maops-gateway-6776579fd6-5xmvm
eviction attempt exit=1 classification=rejected_by_pdb
eviction response: stdout='' stderr="Error from server (TooManyRequests): Cannot evict pod as it would violate the pod's disruption budget."
[PASS] gateway: Eviction API call against maops-gateway-6776579fd6-5xmvm was rejected with disruption-budget-specific evidence (TooManyRequests + disruption budget message/details)
[PASS] gateway: selected Pod maops-gateway-6776579fd6-5xmvm was not voluntarily evicted (still present, same UID, no deletionTimestamp)
[PASS] RESTORATION: gateway: maops-gateway restored to 3/3 Ready
[PASS] RESTORATION: gateway: PDB maops-gateway-pdb healthy state restored - currentHealthy=3 desiredHealthy=2 disruptionsAllowed=1
## PDB experiment: app (maops-app-pdb)
[PASS] app baseline: maops-app 3/3 Ready
[PASS] app baseline PDB maops-app-pdb: currentHealthy=3 desiredHealthy=2 disruptionsAllowed=1
[PASS] app: maops-app scaled down to 2/2 Ready (PDB does NOT block ordinary Deployment scaling)
[PASS] app disrupted PDB maops-app-pdb: currentHealthy=2 desiredHealthy=2 disruptionsAllowed=0
selected Pod for Eviction-API attempt: maops-app-7bcfdbc6b4-jlbm6
eviction attempt exit=1 classification=rejected_by_pdb
eviction response: stdout='' stderr="Error from server (TooManyRequests): Cannot evict pod as it would violate the pod's disruption budget."
[PASS] app: Eviction API call against maops-app-7bcfdbc6b4-jlbm6 was rejected with disruption-budget-specific evidence (TooManyRequests + disruption budget message/details)
[PASS] app: selected Pod maops-app-7bcfdbc6b4-jlbm6 was not voluntarily evicted (still present, same UID, no deletionTimestamp)
[PASS] RESTORATION: app: maops-app restored to 3/3 Ready
[PASS] RESTORATION: app: PDB maops-app-pdb healthy state restored - currentHealthy=3 desiredHealthy=2 disruptionsAllowed=1

16/16 PDB/Eviction checks passed
PASS: PodDisruptionBudget/Eviction behavior proven for both workloads
python3 scripts/final_state_check.py
# Day 3 final restored-state validation against context kind-maops-k8s-day3
[PASS] cluster has 3 node(s) (expected 3)
[PASS] 3/3 nodes Ready
[PASS] exactly one control-plane node found: ['maops-k8s-day3-control-plane']
[PASS] exactly 2 worker node(s) found: ['maops-k8s-day3-worker', 'maops-k8s-day3-worker2']
[PASS] gateway: desired replicas == 3 (expected 3)
[PASS] gateway: ready replicas == 3 (expected 3)
[PASS] gateway: 3/3 Pods Ready (expected 3/3)
[PASS] gateway: EndpointSlice has 3 ready endpoint(s) (expected 3)
[PASS] gateway: temporary rollout-test annotation 'maops.io/rollout-test' absent from live Deployment template
[PASS] gateway: 3/3 Pods Ready (expected 3/3)
[PASS] gateway: zero Pods scheduled on the control-plane node (found on: [])
[PASS] gateway: both worker nodes host at least one Pod: {'maops-k8s-day3-worker': 2, 'maops-k8s-day3-worker2': 1}
[PASS] gateway: worker replica-count skew == 1 (expected <= 1), distribution {'maops-k8s-day3-worker': 2, 'maops-k8s-day3-worker2': 1}
[PASS] app: desired replicas == 3 (expected 3)
[PASS] app: ready replicas == 3 (expected 3)
[PASS] app: 3/3 Pods Ready (expected 3/3)
[PASS] app: EndpointSlice has 3 ready endpoint(s) (expected 3)
[PASS] app: temporary rollout-test annotation 'maops.io/rollout-test' absent from live Deployment template
[PASS] app: 3/3 Pods Ready (expected 3/3)
[PASS] app: zero Pods scheduled on the control-plane node (found on: [])
[PASS] app: both worker nodes host at least one Pod: {'maops-k8s-day3-worker': 2, 'maops-k8s-day3-worker2': 1}
[PASS] app: worker replica-count skew == 1 (expected <= 1), distribution {'maops-k8s-day3-worker': 2, 'maops-k8s-day3-worker2': 1}
[PASS] gateway maops-gateway-pdb: spec.minAvailable == 2 (expected 2)
[PASS] gateway maops-gateway-pdb: normal healthy status - currentHealthy=3 desiredHealthy=2 disruptionsAllowed=1 (expected 3/2/1)
[PASS] app maops-app-pdb: spec.minAvailable == 2 (expected 2)
[PASS] app maops-app-pdb: normal healthy status - currentHealthy=3 desiredHealthy=2 disruptionsAllowed=1 (expected 3/2/1)
[PASS] runtime Secret final state: Secret 'maops-internal-auth' key 'internal-token' present and non-empty (43 bytes)
[PASS] no leaked Day 3 (kind-maops-k8s-day3/maops-platform) kubectl port-forward processes (found 0: [])
[PASS] maops-k8s-day1 kind cluster still exists (existence only - not a claim that its internal state is unchanged)
[PASS] maops-k8s-day2 kind cluster still exists (existence only - not a claim that its internal state is unchanged)

30/30 final-state checks passed
PASS: Day 3 cluster fully restored to its normal healthy baseline state

PASS: day3-check completed the full authoritative validation sequence

DAY3_CHECK_RC=0
